"Index","Batch","WEM","Audio","EventID","ActionID","SoundID","SourceID","DurationSec","Category","Character","OriginalTranscript","PTBR","Notes","Status"
"1","Batch_001","731766908.wem","Batch_001/0001_731766908.wav","3478230970","636402901","116588105","731766908","0,508","FALA","","","","","PENDING"
"2","Batch_001","1059620240.wem","Batch_001/0002_1059620240.wav","1392525625","178367285","1020402028","1059620240","0,576","FALA","","","","","PENDING"
"3","Batch_001","400720740.wem","Batch_001/0003_400720740.wav","3495008557","843074105","433476590","400720740","0,579","FALA","","","","","PENDING"
"4","Batch_001","818539637.wem","Batch_001/0004_818539637.wav","3858585323","427967198","378904448","818539637","0,592","FALA","","","","","PENDING"
"5","Batch_001","385288379.wem","Batch_001/0005_385288379.wav","2667738906","654231053","470353110","385288379","0,601","FALA","","","","","PENDING"
"6","Batch_001","892968061.wem","Batch_001/0006_892968061.wav","3024387871","7289928","850004010","892968061","0,612","FALA","","","","","PENDING"
"7","Batch_001","439812956.wem","Batch_001/0007_439812956.wav","1930465213","329074691","905264037","439812956","0,614","FALA","","","","","PENDING"
"8","Batch_001","873145965.wem","Batch_001/0008_873145965.wav","3344009922","280982821","12453192","873145965","0,629","FALA","","","","","PENDING"
"9","Batch_001","585322642.wem","Batch_001/0009_585322642.wav","3805600254","608147778","380563849","585322642","0,667","VOCALIZAÇÃO","","","","","PENDING"
"10","Batch_001","809326529.wem","Batch_001/0010_809326529.wav","1342192736","253431697","532225781","809326529","0,675","FALA","","","","","PENDING"
"11","Batch_001","273544445.wem","Batch_001/0011_273544445.wav","1493191243","164036162","1032978047","273544445","0,675","FALA","","","","","PENDING"
"12","Batch_001","715263746.wem","Batch_001/0012_715263746.wav","4197952617","209223848","312791072","715263746","0,702","FALA","","","","","PENDING"
"13","Batch_001","608686206.wem","Batch_001/0013_608686206.wav","2941141265","35149190","585458173","608686206","0,706","FALA","","","","","PENDING"
"14","Batch_001","1054119434.wem","Batch_001/0014_1054119434.wav","3377565224","839545645","971357107","1054119434","0,714","FALA","","","","","PENDING"
"15","Batch_001","344423814.wem","Batch_001/0015_344423814.wav","322299620","402368636","977355748","344423814","0,714","FALA","","","","","PENDING"
"16","Batch_001","429713486.wem","Batch_001/0016_429713486.wav","145728859","636413734","976653760","429713486","0,718","FALA","","","","","PENDING"
"17","Batch_001","995532982.wem","Batch_001/0017_995532982.wav","3444675668","697060392","762419982","995532982","0,734","FALA","","","","","PENDING"
"18","Batch_001","885929473.wem","Batch_001/0018_885929473.wav","3158277099","987672707","687869472","885929473","0,734","FALA","","","","","PENDING"
"19","Batch_001","439964722.wem","Batch_001/0019_439964722.wav","1743323282","966995386","986718980","439964722","0,753","FALA","","","","","PENDING"
"20","Batch_001","441093314.wem","Batch_001/0020_441093314.wav","3394342811","662060","1048289151","441093314","0,755","FALA","","","","","PENDING"
"21","Batch_001","270299190.wem","Batch_001/0021_270299190.wav","2839621892","831971855","228178172","270299190","0,765","FALA","","","","","PENDING"
"22","Batch_001","314504782.wem","Batch_001/0022_314504782.wav","2991160767","179125938","4765697","314504782","0,766","FALA","","","","","PENDING"
"23","Batch_001","85694433.wem","Batch_001/0023_85694433.wav","3078223667","893787449","960300668","85694433","0,776","FALA","","","","","PENDING"
"24","Batch_001","195325266.wem","Batch_001/0024_195325266.wav","1682644071","581081123","630516632","195325266","0,784","FALA","","","","","PENDING"
"25","Batch_001","400137489.wem","Batch_001/0025_400137489.wav","4075664581","200313469","226939636","400137489","0,788","GRITO","","","","","PENDING"
"26","Batch_001","150380784.wem","Batch_001/0026_150380784.wav","2777911739","1050996736","55960903","150380784","0,794","FALA","","","","","PENDING"
"27","Batch_001","273701221.wem","Batch_001/0027_273701221.wav","590353631","971135927","890447449","273701221","0,806","FALA","","","","","PENDING"
"28","Batch_001","72740112.wem","Batch_001/0028_72740112.wav","1760100869","590152896","561852758","72740112","0,813","FALA","","","","","PENDING"
"29","Batch_001","130214626.wem","Batch_001/0029_130214626.wav","2545964037","249723566","662727444","130214626","0,817","FALA","","","","","PENDING"
"30","Batch_001","694355849.wem","Batch_001/0030_694355849.wav","1117508467","911620461","8894136","694355849","0,817","VOCALIZAÇÃO","","","","","PENDING"
"31","Batch_001","755475297.wem","Batch_001/0031_755475297.wav","3191307212","791774604","704516752","755475297","0,827","FALA","","","","","PENDING"
"32","Batch_001","564551233.wem","Batch_001/0032_564551233.wav","2636156710","544445428","638224067","564551233","0,827","FALA","","","","","PENDING"
"33","Batch_001","348578007.wem","Batch_001/0033_348578007.wav","372632509","470505336","704257682","348578007","0,827","FALA","","","","","PENDING"
"34","Batch_001","597854950.wem","Batch_001/0034_597854950.wav","3241640069","320124046","32791407","597854950","0,832","FALA","","","","","PENDING"
"35","Batch_001","111168223.wem","Batch_001/0035_111168223.wav","3569963574","1001120948","430729684","111168223","0,833","FALA","","","","","PENDING"
"36","Batch_001","900193839.wem","Batch_001/0036_900193839.wav","3543190865","33263017","229232438","900193839","0,833","FALA","","","","","PENDING"
"37","Batch_001","140429898.wem","Batch_001/0037_140429898.wav","898193892","522389761","320174968","140429898","0,834","FALA","","","","","PENDING"
"38","Batch_001","833742253.wem","Batch_001/0038_833742253.wav","3713637175","702267632","404670054","833742253","0,834","FALA","","","","","PENDING"
"39","Batch_001","334746582.wem","Batch_001/0039_334746582.wav","295816390","149540834","966148903","334746582","0,834","FALA","","","","","PENDING"
"40","Batch_001","291902255.wem","Batch_001/0040_291902255.wav","3056621189","920046291","1017016097","291902255","0,847","FALA","","","","","PENDING"
"41","Batch_001","824470248.wem","Batch_001/0041_824470248.wav","385739589","200481864","661397901","824470248","0,853","FALA","","","","","PENDING"
"42","Batch_001","367107921.wem","Batch_001/0042_367107921.wav","2854087502","3867541","508888825","367107921","0,859","FALA","","","","","PENDING"
"43","Batch_001","434389044.wem","Batch_001/0043_434389044.wav","2900094000","118212027","924258737","434389044","0,868","VOCALIZAÇÃO","","","","","PENDING"
"44","Batch_001","38727352.wem","Batch_001/0044_38727352.wav","3224862482","222037952","221598300","38727352","0,879","FALA","","","","","PENDING"
"45","Batch_001","541461070.wem","Batch_001/0045_541461070.wav","1574635234","401446043","486557715","541461070","0,883","FALA","","","","","PENDING"
"46","Batch_001","596333364.wem","Batch_001/0046_596333364.wav","996111595","833855978","212615185","596333364","0,884","FALA","","","","","PENDING"
"47","Batch_001","560912128.wem","Batch_001/0047_560912128.wav","451855521","713365609","133451766","560912128","0,896","FALA","","","","","PENDING"
"48","Batch_001","731848657.wem","Batch_001/0048_731848657.wav","1337998135","1042833519","826777738","731848657","0,9","FALA","","","","","PENDING"
"49","Batch_001","897844617.wem","Batch_001/0049_897844617.wav","3543770398","1009862860","334158153","897844617","0,901","FALA","","","","","PENDING"
"50","Batch_001","1004298845.wem","Batch_001/0050_1004298845.wav","3293282188","225953132","765137024","1004298845","0,901","FALA","","","","","PENDING"
"51","Batch_001","639975831.wem","Batch_001/0051_639975831.wav","488069790","840304788","146623261","639975831","0,904","FALA","","","","","PENDING"
"52","Batch_001","627935293.wem","Batch_001/0052_627935293.wav","2214432560","724850733","1014926060","627935293","0,905","FALA","","","","","PENDING"
"53","Batch_001","471866784.wem","Batch_001/0053_471866784.wav","3392410201","175951935","478932114","471866784","0,919","FALA","","","","","PENDING"
"54","Batch_001","55510424.wem","Batch_001/0054_55510424.wav","3359083402","323409150","896352145","55510424","0,919","FALA","","","","","PENDING"
"55","Batch_001","919374362.wem","Batch_001/0055_919374362.wav","2236051832","1006651323","549028734","919374362","0,92","FALA","","","","","PENDING"
"56","Batch_001","28391928.wem","Batch_001/0056_28391928.wav","355854794","43874702","777852873","28391928","0,92","FALA","","","","","PENDING"
"57","Batch_001","938191861.wem","Batch_001/0057_938191861.wav","2286384689","765823039","529062363","938191861","0,922","FALA","","","","","PENDING"
"58","Batch_001","804342991.wem","Batch_001/0058_804342991.wav","3456426596","809036313","621934074","804342991","0,922","GRITO","","","","","PENDING"
"59","Batch_001","1017305820.wem","Batch_001/0059_1017305820.wav","4023402410","698856192","550780876","1017305820","0,922","FALA","","","","","PENDING"
"60","Batch_001","927048682.wem","Batch_001/0060_927048682.wav","3765261802","71364058","321032045","927048682","0,925","FALA","","","","","PENDING"
"61","Batch_001","503584387.wem","Batch_001/0061_503584387.wav","2231210147","1041478184","888097612","503584387","0,927","FALA","","","","","PENDING"
"62","Batch_001","829903043.wem","Batch_001/0062_829903043.wav","1042666289","363998529","759985361","829903043","0,929","FALA","","","","","PENDING"
"63","Batch_001","921173421.wem","Batch_001/0063_921173421.wav","3581257700","783783444","505152437","921173421","0,931","FALA","","","","","PENDING"
"64","Batch_001","823705667.wem","Batch_001/0064_823705667.wav","422724153","677404689","438634294","823705667","0,934","FALA","","","","","PENDING"
"65","Batch_001","959203466.wem","Batch_001/0065_959203466.wav","2252829419","537744300","17627223","959203466","0,937","FALA","","","","","PENDING"
"66","Batch_001","360887369.wem","Batch_001/0066_360887369.wav","3942473354","935375167","324817258","360887369","0,937","FALA","","","","","PENDING"
"67","Batch_001","778813174.wem","Batch_001/0067_778813174.wav","2065687702","1052523197","431685059","778813174","0,937","FALA","","","","","PENDING"
"68","Batch_001","1063061087.wem","Batch_001/0068_1063061087.wav","3424746738","449994384","917725707","1063061087","0,946","FALA","","","","","PENDING"
"69","Batch_001","1006709767.wem","Batch_001/0069_1006709767.wav","225660079","34411174","996156026","1006709767","0,959","FALA","","","","","PENDING"
"70","Batch_001","16292482.wem","Batch_001/0070_16292482.wav","781885249","714337614","15654722","16292482","0,962","FALA","","","","","PENDING"
"71","Batch_001","1046566922.wem","Batch_001/0071_1046566922.wav","3427898081","917836929","646389710","1046566922","0,964","FALA","","","","","PENDING"
"72","Batch_001","315933206.wem","Batch_001/0072_315933206.wav","3523526370","411611558","916679059","315933206","0,966","FALA","","","","","PENDING"
"73","Batch_001","145630016.wem","Batch_001/0073_145630016.wav","14107373","162280588","877794139","145630016","0,967","FALA","","","","","PENDING"
"74","Batch_001","159921588.wem","Batch_001/0074_159921588.wav","38922982","120298763","755606733","159921588","0,968","VOCALIZAÇÃO","","","","","PENDING"
"75","Batch_001","374410794.wem","Batch_001/0075_374410794.wav","1846577054","286811319","329135068","374410794","0,969","FALA","","","","","PENDING"
"76","Batch_001","831440145.wem","Batch_001/0076_831440145.wav","2047205724","747358193","589686071","831440145","0,975","FALA","","","","","PENDING"
"77","Batch_001","1018531196.wem","Batch_001/0077_1018531196.wav","548935516","383288426","547014407","1018531196","0,976","FALA","","","","","PENDING"
"78","Batch_001","530969235.wem","Batch_001/0078_530969235.wav","1375747910","642765473","260348761","530969235","0,977","FALA","","","","","PENDING"
"79","Batch_001","627610828.wem","Batch_001/0079_627610828.wav","1572331927","801140388","828913332","627610828","0,981","FALA","","","","","PENDING"
"80","Batch_001","432000320.wem","Batch_001/0080_432000320.wav","3875362910","810660074","274034040","432000320","0,983","FALA","","","","","PENDING"
"81","Batch_001","861286715.wem","Batch_001/0081_861286715.wav","1354894830","535209366","83948682","861286715","0,985","FALA","","","","","PENDING"
"82","Batch_001","816378630.wem","Batch_001/0082_816378630.wav","1992660143","513295419","52310359","816378630","1,001","FALA","","","","","PENDING"
"83","Batch_001","903710341.wem","Batch_001/0083_903710341.wav","4184360097","862407173","137005077","903710341","1,001","FALA","","","","","PENDING"
"84","Batch_001","298554319.wem","Batch_001/0084_298554319.wav","1863354737","444368724","705239761","298554319","1,007","FALA","","","","","PENDING"
"85","Batch_001","854499199.wem","Batch_001/0085_854499199.wav","1405227687","445898433","107351660","854499199","1,007","FALA","","","","","PENDING"
"86","Batch_001","916026085.wem","Batch_001/0086_916026085.wav","3232962523","58167495","771212542","916026085","1,014","FALA","","","","","PENDING"
"87","Batch_001","442044236.wem","Batch_001/0087_442044236.wav","1365390753","446606886","257354705","442044236","1,015","FALA","","","","","PENDING"
"88","Batch_001","697282788.wem","Batch_001/0088_697282788.wav","869614451","1022207924","355277542","697282788","1,02","FALA","","","","","PENDING"
"89","Batch_001","616565789.wem","Batch_001/0089_616565789.wav","524659688","389434333","578589341","616565789","1,024","VOCALIZAÇÃO","","","","","PENDING"
"90","Batch_001","1037817702.wem","Batch_001/0090_1037817702.wav","3157752038","683406032","224444927","1037817702","1,027","FALA","","","","","PENDING"
"91","Batch_001","431430945.wem","Batch_001/0091_431430945.wav","2097721411","556056099","622845292","431430945","1,035","FALA","","","","","PENDING"
"92","Batch_001","409047569.wem","Batch_001/0092_409047569.wav","1358970323","489121831","989741814","409047569","1,039","FALA","","","","","PENDING"
"93","Batch_001","920301962.wem","Batch_001/0093_920301962.wav","3174529625","489984894","223366276","920301962","1,054","FALA","","","","","PENDING"
"94","Batch_001","504253636.wem","Batch_001/0094_504253636.wav","1611567706","73901326","33190956","504253636","1,057","FALA","","","","","PENDING"
"95","Batch_001","165923554.wem","Batch_001/0095_165923554.wav","3361011483","10653340","997840992","165923554","1,058","FALA","","","","","PENDING"
"96","Batch_001","292303274.wem","Batch_001/0096_292303274.wav","1867356626","47409775","111956764","292303274","1,058","FALA","","","","","PENDING"
"97","Batch_001","929989629.wem","Batch_001/0097_929989629.wav","2649265093","167917597","871319121","929989629","1,061","FALA","","","","","PENDING"
"98","Batch_001","272200703.wem","Batch_001/0098_272200703.wav","41160056","271803665","291864555","272200703","1,068","FALA","","","","","PENDING"
"99","Batch_001","415978962.wem","Batch_001/0099_415978962.wav","3461453255","34794032","611472339","415978962","1,07","FALA","","","","","PENDING"
"100","Batch_001","718012839.wem","Batch_001/0100_718012839.wav","34241672","227812407","375562660","718012839","1,075","FALA","","","","","PENDING"
"101","Batch_002","988715288.wem","Batch_002/0101_988715288.wav","3140974451","853664769","948694398","988715288","1,087","FALA","","","","","PENDING"
"102","Batch_002","770080605.wem","Batch_002/0102_770080605.wav","3358083757","986122839","351760058","770080605","1,088","FALA","","","","","PENDING"
"103","Batch_002","672970291.wem","Batch_002/0103_672970291.wav","3959251069","127439557","716468314","672970291","1,089","FALA","","","","","PENDING"
"104","Batch_002","757292548.wem","Batch_002/0104_757292548.wav","1442858482","458649672","37611876","757292548","1,095","FALA","","","","","PENDING"
"105","Batch_002","972858731.wem","Batch_002/0105_972858731.wav","520030803","669476803","19131970","972858731","1,095","FALA","","","","","PENDING"
"106","Batch_002","781584840.wem","Batch_002/0106_781584840.wav","2938918989","455910179","624386789","781584840","1,101","FALA","","","","","PENDING"
"107","Batch_002","253212335.wem","Batch_002/0107_253212335.wav","3529572942","596069772","616264213","253212335","1,101","FALA","","","","","PENDING"
"108","Batch_002","979556710.wem","Batch_002/0108_979556710.wav","2269607006","639724389","85066016","979556710","1,104","FALA","","","","","PENDING"
"109","Batch_002","192487085.wem","Batch_002/0109_192487085.wav","872444375","874530826","367392272","192487085","1,115","FALA","","","","","PENDING"
"110","Batch_002","1048949208.wem","Batch_002/0110_1048949208.wav","3192371027","542368969","783624524","1048949208","1,12","FALA","","","","","PENDING"
"111","Batch_002","402148274.wem","Batch_002/0111_402148274.wav","1686469442","271833446","705392777","402148274","1,131","GRITO","","","","","PENDING"
"112","Batch_002","272603742.wem","Batch_002/0112_272603742.wav","1522572093","813372218","690889424","272603742","1,131","FALA","","","","","PENDING"
"113","Batch_002","704692640.wem","Batch_002/0113_704692640.wav","948735758","354406134","608177259","704692640","1,134","FALA","","","","","PENDING"
"114","Batch_002","528151165.wem","Batch_002/0114_528151165.wav","3281868771","713536406","290113082","528151165","1,134","FALA","","","","","PENDING"
"115","Batch_002","518039797.wem","Batch_002/0115_518039797.wav","3831384361","458565309","525553767","518039797","1,141","FALA","","","","","PENDING"
"116","Batch_002","143438724.wem","Batch_002/0116_143438724.wav","2403334882","280088796","796301526","143438724","1,144","FALA","","","","","PENDING"
"117","Batch_002","174011257.wem","Batch_002/0117_174011257.wav","64470697","594959497","402319831","174011257","1,149","FALA","","","","","PENDING"
"118","Batch_002","974657530.wem","Batch_002/0118_974657530.wav","1426080799","712454948","131341758","974657530","1,151","FALA","","","","","PENDING"
"119","Batch_002","757582667.wem","Batch_002/0119_757582667.wav","2157606221","19627399","894686532","757582667","1,151","FALA","","","","","PENDING"
"120","Batch_002","610558789.wem","Batch_002/0120_610558789.wav","21816622","32460704","780178376","610558789","1,152","FALA","","","","","PENDING"
"121","Batch_002","15140111.wem","Batch_002/0121_15140111.wav","3369576424","873309786","47130983","15140111","1,155","FALA","","","","","PENDING"
"122","Batch_002","63485174.wem","Batch_002/0122_63485174.wav","3109943155","315466570","611347293","63485174","1,155","FALA","","","","","PENDING"
"123","Batch_002","801833393.wem","Batch_002/0123_801833393.wav","1084431539","383922212","616079477","801833393","1,159","FALA","","","","","PENDING"
"124","Batch_002","581710097.wem","Batch_002/0124_581710097.wav","713792928","365269730","185078017","581710097","1,164","GRITO","","","","","PENDING"
"125","Batch_002","270191836.wem","Batch_002/0125_270191836.wav","3876381483","428827628","206341526","270191836","1,17","FALA","","","","","PENDING"
"126","Batch_002","752327521.wem","Batch_002/0126_752327521.wav","1438782861","547860278","666030736","752327521","1,173","FALA","","","","","PENDING"
"127","Batch_002","89428262.wem","Batch_002/0127_89428262.wav","1388450100","178419983","597533131","89428262","1,188","FALA","","","","","PENDING"
"128","Batch_002","412020070.wem","Batch_002/0128_412020070.wav","3814606774","65863683","763878045","412020070","1,188","FALA","","","","","PENDING"
"129","Batch_002","250104555.wem","Batch_002/0129_250104555.wav","3776281097","411823826","571505455","250104555","1,192","FALA","","","","","PENDING"
"130","Batch_002","1001406991.wem","Batch_002/0130_1001406991.wav","2837614623","172622681","233234196","1001406991","1,195","FALA","","","","","PENDING"
"131","Batch_002","323532677.wem","Batch_002/0131_323532677.wav","2600442144","799096121","126814530","323532677","1,201","FALA","","","","","PENDING"
"132","Batch_002","237528681.wem","Batch_002/0132_237528681.wav","3223271117","544764882","162154101","237528681","1,201","FALA","","","","","PENDING"
"133","Batch_002","820757872.wem","Batch_002/0133_820757872.wav","1409303212","898215708","871927467","820757872","1,205","FALA","","","","","PENDING"
"134","Batch_002","526885551.wem","Batch_002/0134_526885551.wav","506353323","399000848","422566295","526885551","1,207","FALA","","","","","PENDING"
"135","Batch_002","248157971.wem","Batch_002/0135_248157971.wav","3688952314","919247701","308627977","248157971","1,211","GRITO","","","","","PENDING"
"136","Batch_002","834123639.wem","Batch_002/0136_834123639.wav","3540303957","141002095","434980305","834123639","1,213","FALA","","","","","PENDING"
"137","Batch_002","938294348.wem","Batch_002/0137_938294348.wav","3411120398","871247096","479443232","938294348","1,217","FALA","","","","","PENDING"
"138","Batch_002","1011669071.wem","Batch_002/0138_1011669071.wav","3447942977","949973051","288066945","1011669071","1,219","FALA","","","","","PENDING"
"139","Batch_002","948839576.wem","Batch_002/0139_948839576.wav","3731075189","1056469811","122595610","948839576","1,229","FALA","","","","","PENDING"
"140","Batch_002","886897021.wem","Batch_002/0140_886897021.wav","3452444601","286399025","339899159","886897021","1,236","FALA","","","","","PENDING"
"141","Batch_002","596342624.wem","Batch_002/0141_596342624.wav","666419965","137678310","410299001","596342624","1,243","FALA","","","","","PENDING"
"142","Batch_002","723844794.wem","Batch_002/0142_723844794.wav","289368195","218043853","439289755","723844794","1,245","FALA","","","","","PENDING"
"143","Batch_002","286756205.wem","Batch_002/0143_286756205.wav","1703179782","601005225","977406015","286756205","1,266","FALA","","","","","PENDING"
"144","Batch_002","848134069.wem","Batch_002/0144_848134069.wav","3404660568","57170369","671588910","848134069","1,267","FALA","","","","","PENDING"
"145","Batch_002","917921297.wem","Batch_002/0145_917921297.wav","1571639502","101690538","852731061","917921297","1,267","FALA","","","","","PENDING"
"146","Batch_002","239395106.wem","Batch_002/0146_239395106.wav","3264861813","455383523","203302226","239395106","1,275","FALA","","","","","PENDING"
"147","Batch_002","911282662.wem","Batch_002/0147_911282662.wav","3142304963","783691453","582915972","911282662","1,28","FALA","","","","","PENDING"
"148","Batch_002","149815371.wem","Batch_002/0148_149815371.wav","1654706174","380542528","275045697","149815371","1,291","GRITO","","","","","PENDING"
"149","Batch_002","184517543.wem","Batch_002/0149_184517543.wav","1198737572","365629827","597156993","184517543","1,301","FALA","","","","","PENDING"
"150","Batch_002","419074368.wem","Batch_002/0150_419074368.wav","252618756","442921647","356182496","419074368","1,307","FALA","","","","","PENDING"
"151","Batch_002","483424404.wem","Batch_002/0151_483424404.wav","3797829059","98869873","852959444","483424404","1,316","FALA","","","","","PENDING"
"152","Batch_002","793668433.wem","Batch_002/0152_793668433.wav","1476413656","924379110","477459611","793668433","1,316","FALA","","","","","PENDING"
"153","Batch_002","324025043.wem","Batch_002/0153_324025043.wav","3197501496","163778031","665836850","324025043","1,322","FALA","","","","","PENDING"
"154","Batch_002","126988840.wem","Batch_002/0154_126988840.wav","1713556506","782052297","549822694","126988840","1,322","GRITO","","","","","PENDING"
"155","Batch_002","368819908.wem","Batch_002/0155_368819908.wav","602792762","994157173","458932156","368819908","1,325","FALA","","","","","PENDING"
"156","Batch_002","86148928.wem","Batch_002/0156_86148928.wav","2565760583","570273374","227351358","86148928","1,327","FALA","","","","","PENDING"
"157","Batch_002","158413004.wem","Batch_002/0157_158413004.wav","1601078373","895019799","131761106","158413004","1,328","FALA","","","","","PENDING"
"158","Batch_002","352232437.wem","Batch_002/0158_352232437.wav","766606842","391164112","996095719","352232437","1,333","FALA","","","","","PENDING"
"159","Batch_002","415162792.wem","Batch_002/0159_415162792.wav","2525315717","597649411","252320662","415162792","1,335","FALA","","","","","PENDING"
"160","Batch_002","70532753.wem","Batch_002/0160_70532753.wav","1726545727","451104876","724719174","70532753","1,338","FALA","","","","","PENDING"
"161","Batch_002","215314467.wem","Batch_002/0161_215314467.wav","162858554","937801278","235759430","215314467","1,344","FALA","","","","","PENDING"
"162","Batch_002","1015064643.wem","Batch_002/0162_1015064643.wav","3868670544","691663341","669634303","1015064643","1,35","FALA","","","","","PENDING"
"163","Batch_002","853491826.wem","Batch_002/0163_853491826.wav","1459636069","516516145","889058608","853491826","1,357","FALA","","","","","PENDING"
"164","Batch_002","232476450.wem","Batch_002/0164_232476450.wav","681762395","985071126","159629790","232476450","1,358","FALA","","","","","PENDING"
"165","Batch_002","1994541.wem","Batch_002/0165_1994541.wav","1939217055","483822953","123592416","1994541","1,363","FALA","","","","","PENDING"
"166","Batch_002","933920771.wem","Batch_002/0166_933920771.wav","1855482301","958923539","78479861","933920771","1,365","FALA","","","","","PENDING"
"167","Batch_002","897931311.wem","Batch_002/0167_897931311.wav","506962629","2285844","656397272","897931311","1,365","FALA","","","","","PENDING"
"168","Batch_002","197738680.wem","Batch_002/0168_197738680.wav","2357038600","592851939","869813336","197738680","1,368","FALA","","","","","PENDING"
"169","Batch_002","45145384.wem","Batch_002/0169_45145384.wav","506953500","178446032","917952391","45145384","1,371","FALA","","","","","PENDING"
"170","Batch_002","48753438.wem","Batch_002/0170_48753438.wav","2239595267","299213525","893424268","48753438","1,38","FALA","","","","","PENDING"
"171","Batch_002","578006395.wem","Batch_002/0171_578006395.wav","909603870","1043784522","1062181540","578006395","1,386","FALA","","","","","PENDING"
"172","Batch_002","92791440.wem","Batch_002/0172_92791440.wav","350822486","782660235","708761017","92791440","1,387","FALA","","","","","PENDING"
"173","Batch_002","120369165.wem","Batch_002/0173_120369165.wav","3574820932","441572062","359274625","120369165","1,388","FALA","","","","","PENDING"
"174","Batch_002","332168452.wem","Batch_002/0174_332168452.wav","428771288","62223399","431125421","332168452","1,389","FALA","","","","","PENDING"
"175","Batch_002","284086785.wem","Batch_002/0175_284086785.wav","1426861212","505799495","764403018","284086785","1,391","FALA","","","","","PENDING"
"176","Batch_002","227431214.wem","Batch_002/0176_227431214.wav","721567578","1002138588","209336428","227431214","1,392","FALA","","","","","PENDING"
"177","Batch_002","583111496.wem","Batch_002/0177_583111496.wav","737463583","178740520","600570182","583111496","1,392","FALA","","","","","PENDING"
"178","Batch_002","701213895.wem","Batch_002/0178_701213895.wav","837529575","485369732","826275070","701213895","1,392","FALA","","","","","PENDING"
"179","Batch_002","264889363.wem","Batch_002/0179_264889363.wav","3513521233","1037899952","55143284","264889363","1,399","FALA","","","","","PENDING"
"180","Batch_002","139313318.wem","Batch_002/0180_139313318.wav","56395845","438149503","406602012","139313318","1,403","FALA","","","","","PENDING"
"181","Batch_002","317399096.wem","Batch_002/0181_317399096.wav","2342766750","295772386","568474308","317399096","1,407","FALA","","","","","PENDING"
"182","Batch_002","1018719994.wem","Batch_002/0182_1018719994.wav","3777410797","85098204","877020574","1018719994","1,412","FALA","","","","","PENDING"
"183","Batch_002","635449659.wem","Batch_002/0183_635449659.wav","3020580112","249493294","398940593","635449659","1,416","FALA","","","","","PENDING"
"184","Batch_002","568173431.wem","Batch_002/0184_568173431.wav","3970474506","854999758","631835536","568173431","1,421","FALA","","","","","PENDING"
"185","Batch_002","31944517.wem","Batch_002/0185_31944517.wav","2108699618","831490196","937276189","31944517","1,437","FALA","","","","","PENDING"
"186","Batch_002","272253548.wem","Batch_002/0186_272253548.wav","959936727","182873655","133404495","272253548","1,438","FALA","","","","","PENDING"
"187","Batch_002","1042630073.wem","Batch_002/0187_1042630073.wav","30829860","1038272151","1070363325","1042630073","1,439","GRITO","","","","","PENDING"
"188","Batch_002","465962432.wem","Batch_002/0188_465962432.wav","1506958271","1064049449","330774367","465962432","1,44","FALA","","","","","PENDING"
"189","Batch_002","441636163.wem","Batch_002/0189_441636163.wav","412114493","161013131","150813176","441636163","1,441","FALA","","","","","PENDING"
"190","Batch_002","208695542.wem","Batch_002/0190_208695542.wav","3279244510","138703191","845948462","208695542","1,443","FALA","","","","","PENDING"
"191","Batch_002","898503064.wem","Batch_002/0191_898503064.wav","698539982","310126389","757938650","898503064","1,448","FALA","","","","","PENDING"
"192","Batch_002","145401243.wem","Batch_002/0192_145401243.wav","1917077711","993476896","310592170","145401243","1,451","FALA","","","","","PENDING"
"193","Batch_002","560660796.wem","Batch_002/0193_560660796.wav","2319939863","373001820","1029609207","560660796","1,456","FALA","","","","","PENDING"
"194","Batch_002","798490929.wem","Batch_002/0194_798490929.wav","1475671394","1072472205","1055461642","798490929","1,461","GRITO","","","","","PENDING"
"195","Batch_002","105106109.wem","Batch_002/0195_105106109.wav","3393122011","876453350","870012059","105106109","1,463","FALA","","","","","PENDING"
"196","Batch_002","731303406.wem","Batch_002/0196_731303406.wav","1266889977","140937819","132908039","731303406","1,463","GRITO","","","","","PENDING"
"197","Batch_002","410333338.wem","Batch_002/0197_410333338.wav","973348405","249034661","989937905","410333338","1,465","FALA","","","","","PENDING"
"198","Batch_002","765967550.wem","Batch_002/0198_765967550.wav","2949996389","704635580","400841042","765967550","1,467","FALA","","","","","PENDING"
"199","Batch_002","867596762.wem","Batch_002/0199_867596762.wav","2764976541","1060556026","980836785","867596762","1,475","FALA","","","","","PENDING"
"200","Batch_002","534780668.wem","Batch_002/0200_534780668.wav","934411688","203041246","308496167","534780668","1,476","FALA","","","","","PENDING"
"201","Batch_003","1002356841.wem","Batch_003/0201_1002356841.wav","1422005274","478655467","490656433","1002356841","1,483","FALA","","","","","PENDING"
"202","Batch_003","857517261.wem","Batch_003/0202_857517261.wav","3506748687","825136468","542135117","857517261","1,484","FALA","","","","","PENDING"
"203","Batch_003","679458430.wem","Batch_003/0203_679458430.wav","892826283","518025656","888018491","679458430","1,493","FALA","","","","","PENDING"
"204","Batch_003","450167022.wem","Batch_003/0204_450167022.wav","1528523366","760646068","632188632","450167022","1,493","FALA","","","","","PENDING"
"205","Batch_003","691955040.wem","Batch_003/0205_691955040.wav","351493867","312613068","621432585","691955040","1,497","FALA","","","","","PENDING"
"206","Batch_003","201252940.wem","Batch_003/0206_201252940.wav","3111750117","1030007405","753255660","201252940","1,499","FALA","","","","","PENDING"
"207","Batch_003","536079640.wem","Batch_003/0207_536079640.wav","2859732940","343632455","909925224","536079640","1,5","FALA","","","","","PENDING"
"208","Batch_003","337206063.wem","Batch_003/0208_337206063.wav","112551792","737897573","907096513","337206063","1,502","FALA","","","","","PENDING"
"209","Batch_003","537768246.wem","Batch_003/0209_537768246.wav","1204866844","232683145","67889318","537768246","1,509","FALA","","","","","PENDING"
"210","Batch_003","623217668.wem","Batch_003/0210_623217668.wav","313782177","798926590","442588376","623217668","1,516","FALA","","","","","PENDING"
"211","Batch_003","821440897.wem","Batch_003/0211_821440897.wav","2222202438","401809353","171524185","821440897","1,517","FALA","","","","","PENDING"
"212","Batch_003","709111517.wem","Batch_003/0212_709111517.wav","1909401199","849067476","307213396","709111517","1,517","FALA","","","","","PENDING"
"213","Batch_003","785886237.wem","Batch_003/0213_785886237.wav","2909911435","206471921","457857934","785886237","1,519","FALA","","","","","PENDING"
"214","Batch_003","9381084.wem","Batch_003/0214_9381084.wav","3841807736","37837930","381803477","9381084","1,525","FALA","","","","","PENDING"
"215","Batch_003","18903818.wem","Batch_003/0215_18903818.wav","3995398616","752129565","466078840","18903818","1,525","FALA","","","","","PENDING"
"216","Batch_003","1002118069.wem","Batch_003/0216_1002118069.wav","926381553","831342287","826545595","1002118069","1,525","FALA","","","","","PENDING"
"217","Batch_003","658700189.wem","Batch_003/0217_658700189.wav","1892954248","619906170","616214252","658700189","1,535","FALA","","","","","PENDING"
"218","Batch_003","1063776406.wem","Batch_003/0218_1063776406.wav","457953562","199148310","212466701","1063776406","1,535","FALA","","","","","PENDING"
"219","Batch_003","136987909.wem","Batch_003/0219_136987909.wav","3688101281","285689078","1006185381","136987909","1,536","VOCALIZAÇÃO","","","","","PENDING"
"220","Batch_003","159781536.wem","Batch_003/0220_159781536.wav","4251383320","596480535","898767914","159781536","1,542","GRITO","","","","","PENDING"
