"Index","WEM","Type","Character","Context","Status","OriginalText","PTBRText","Notes"
"1","731766908.wem","VOICE","","","PENDING","","",""
"2","1059620240.wem","VOICE","","","PENDING","","",""
"3","400720740.wem","VOICE","","","PENDING","","",""
"4","818539637.wem","VOICE","","","PENDING","","",""
"5","385288379.wem","VOICE","","","PENDING","","",""
"6","892968061.wem","VOICE","","","PENDING","","",""
"7","439812956.wem","VOICE","","","PENDING","","",""
"8","873145965.wem","VOICE","","","PENDING","","",""
"9","585322642.wem","VOICE","","","PENDING","","",""
"10","809326529.wem","VOICE","","","PENDING","","",""
"11","273544445.wem","VOICE","","","PENDING","","",""
"12","715263746.wem","VOICE","","","PENDING","","",""
"13","608686206.wem","VOICE","","","PENDING","","",""
"14","1054119434.wem","VOICE","","","PENDING","","",""
"15","344423814.wem","VOICE","","","PENDING","","",""
"16","429713486.wem","VOICE","","","PENDING","","",""
"17","995532982.wem","VOICE","","","PENDING","","",""
"18","885929473.wem","VOICE","","","PENDING","","",""
"19","439964722.wem","VOICE","","","PENDING","","",""
"20","441093314.wem","VOICE","","","PENDING","","",""
"21","270299190.wem","VOICE","","","PENDING","","",""
"22","314504782.wem","VOICE","","","PENDING","","",""
"23","85694433.wem","VOICE","","","PENDING","","",""
"24","195325266.wem","VOICE","","","PENDING","","",""
"25","400137489.wem","VOICE","","","PENDING","","",""
"26","150380784.wem","VOICE","","","PENDING","","",""
"27","273701221.wem","VOICE","","","PENDING","","",""
"28","72740112.wem","VOICE","","","PENDING","","",""
"29","130214626.wem","VOICE","","","PENDING","","",""
"30","694355849.wem","VOICE","","","PENDING","","",""
"31","755475297.wem","VOICE","","","PENDING","","",""
"32","564551233.wem","VOICE","","","PENDING","","",""
"33","348578007.wem","VOICE","","","PENDING","","",""
"34","597854950.wem","VOICE","","","PENDING","","",""
"35","111168223.wem","VOICE","","","PENDING","","",""
"36","900193839.wem","VOICE","","","PENDING","","",""
"37","140429898.wem","VOICE","","","PENDING","","",""
"38","833742253.wem","VOICE","","","PENDING","","",""
"39","334746582.wem","VOICE","","","PENDING","","",""
"40","291902255.wem","VOICE","","","PENDING","","",""
"41","824470248.wem","VOICE","","","PENDING","","",""
"42","367107921.wem","VOICE","","","PENDING","","",""
"43","434389044.wem","VOICE","","","PENDING","","",""
"44","38727352.wem","VOICE","","","PENDING","","",""
"45","541461070.wem","VOICE","","","PENDING","","",""
"46","596333364.wem","VOICE","","","PENDING","","",""
"47","560912128.wem","VOICE","","","PENDING","","",""
"48","731848657.wem","VOICE","","","PENDING","","",""
"49","897844617.wem","VOICE","","","PENDING","","",""
"50","1004298845.wem","VOICE","","","PENDING","","",""
"51","639975831.wem","VOICE","","","PENDING","","",""
"52","627935293.wem","VOICE","","","PENDING","","",""
"53","471866784.wem","VOICE","","","PENDING","","",""
"54","55510424.wem","VOICE","","","PENDING","","",""
"55","919374362.wem","VOICE","","","PENDING","","",""
"56","28391928.wem","VOICE","","","PENDING","","",""
"57","938191861.wem","VOICE","","","PENDING","","",""
"58","804342991.wem","VOICE","","","PENDING","","",""
"59","1017305820.wem","VOICE","","","PENDING","","",""
"60","927048682.wem","VOICE","","","PENDING","","",""
"61","503584387.wem","VOICE","","","PENDING","","",""
"62","829903043.wem","VOICE","","","PENDING","","",""
"63","921173421.wem","VOICE","","","PENDING","","",""
"64","823705667.wem","VOICE","","","PENDING","","",""
"65","959203466.wem","VOICE","","","PENDING","","",""
"66","360887369.wem","VOICE","","","PENDING","","",""
"67","778813174.wem","VOICE","","","PENDING","","",""
"68","1063061087.wem","VOICE","","","PENDING","","",""
"69","1006709767.wem","VOICE","","","PENDING","","",""
"70","16292482.wem","VOICE","","","PENDING","","",""
"71","1046566922.wem","VOICE","","","PENDING","","",""
"72","315933206.wem","VOICE","","","PENDING","","",""
"73","145630016.wem","VOICE","","","PENDING","","",""
"74","159921588.wem","VOICE","","","PENDING","","",""
"75","374410794.wem","VOICE","","","PENDING","","",""
"76","831440145.wem","VOICE","","","PENDING","","",""
"77","1018531196.wem","VOICE","","","PENDING","","",""
"78","530969235.wem","VOICE","","","PENDING","","",""
"79","627610828.wem","VOICE","","","PENDING","","",""
"80","432000320.wem","VOICE","","","PENDING","","",""
"81","861286715.wem","VOICE","","","PENDING","","",""
"82","816378630.wem","VOICE","","","PENDING","","",""
"83","903710341.wem","VOICE","","","PENDING","","",""
"84","298554319.wem","VOICE","","","PENDING","","",""
"85","854499199.wem","VOICE","","","PENDING","","",""
"86","916026085.wem","VOICE","","","PENDING","","",""
"87","442044236.wem","VOICE","","","PENDING","","",""
"88","697282788.wem","VOICE","","","PENDING","","",""
"89","616565789.wem","VOICE","","","PENDING","","",""
"90","1037817702.wem","VOICE","","","PENDING","","",""
"91","431430945.wem","VOICE","","","PENDING","","",""
"92","409047569.wem","VOICE","","","PENDING","","",""
"93","920301962.wem","VOICE","","","PENDING","","",""
"94","504253636.wem","VOICE","","","PENDING","","",""
"95","165923554.wem","VOICE","","","PENDING","","",""
"96","292303274.wem","VOICE","","","PENDING","","",""
"97","929989629.wem","VOICE","","","PENDING","","",""
"98","272200703.wem","VOICE","","","PENDING","","",""
"99","415978962.wem","VOICE","","","PENDING","","",""
"100","718012839.wem","VOICE","","","PENDING","","",""
"101","988715288.wem","VOICE","","","PENDING","","",""
"102","770080605.wem","VOICE","","","PENDING","","",""
"103","672970291.wem","VOICE","","","PENDING","","",""
"104","757292548.wem","VOICE","","","PENDING","","",""
"105","972858731.wem","VOICE","","","PENDING","","",""
"106","781584840.wem","VOICE","","","PENDING","","",""
"107","253212335.wem","VOICE","","","PENDING","","",""
"108","979556710.wem","VOICE","","","PENDING","","",""
"109","192487085.wem","VOICE","","","PENDING","","",""
"110","1048949208.wem","VOICE","","","PENDING","","",""
"111","402148274.wem","VOICE","","","PENDING","","",""
"112","272603742.wem","VOICE","","","PENDING","","",""
"113","704692640.wem","VOICE","","","PENDING","","",""
"114","528151165.wem","VOICE","","","PENDING","","",""
"115","518039797.wem","VOICE","","","PENDING","","",""
"116","143438724.wem","VOICE","","","PENDING","","",""
"117","174011257.wem","VOICE","","","PENDING","","",""
"118","974657530.wem","VOICE","","","PENDING","","",""
"119","757582667.wem","VOICE","","","PENDING","","",""
"120","610558789.wem","VOICE","","","PENDING","","",""
"121","15140111.wem","VOICE","","","PENDING","","",""
"122","63485174.wem","VOICE","","","PENDING","","",""
"123","801833393.wem","VOICE","","","PENDING","","",""
"124","581710097.wem","VOICE","","","PENDING","","",""
"125","270191836.wem","VOICE","","","PENDING","","",""
"126","752327521.wem","VOICE","","","PENDING","","",""
"127","89428262.wem","VOICE","","","PENDING","","",""
"128","412020070.wem","VOICE","","","PENDING","","",""
"129","250104555.wem","VOICE","","","PENDING","","",""
"130","1001406991.wem","VOICE","","","PENDING","","",""
"131","323532677.wem","VOICE","","","PENDING","","",""
"132","237528681.wem","VOICE","","","PENDING","","",""
"133","820757872.wem","VOICE","","","PENDING","","",""
"134","526885551.wem","VOICE","","","PENDING","","",""
"135","248157971.wem","VOICE","","","PENDING","","",""
"136","834123639.wem","VOICE","","","PENDING","","",""
"137","938294348.wem","VOICE","","","PENDING","","",""
"138","1011669071.wem","VOICE","","","PENDING","","",""
"139","948839576.wem","VOICE","","","PENDING","","",""
"140","886897021.wem","VOICE","","","PENDING","","",""
"141","596342624.wem","VOICE","","","PENDING","","",""
"142","723844794.wem","VOICE","","","PENDING","","",""
"143","286756205.wem","VOICE","","","PENDING","","",""
"144","848134069.wem","VOICE","","","PENDING","","",""
"145","917921297.wem","VOICE","","","PENDING","","",""
"146","239395106.wem","VOICE","","","PENDING","","",""
"147","911282662.wem","VOICE","","","PENDING","","",""
"148","149815371.wem","VOICE","","","PENDING","","",""
"149","184517543.wem","VOICE","","","PENDING","","",""
"150","419074368.wem","VOICE","","","PENDING","","",""
"151","483424404.wem","VOICE","","","PENDING","","",""
"152","793668433.wem","VOICE","","","PENDING","","",""
"153","324025043.wem","VOICE","","","PENDING","","",""
"154","126988840.wem","VOICE","","","PENDING","","",""
"155","368819908.wem","VOICE","","","PENDING","","",""
"156","86148928.wem","VOICE","","","PENDING","","",""
"157","158413004.wem","VOICE","","","PENDING","","",""
"158","352232437.wem","VOICE","","","PENDING","","",""
"159","415162792.wem","VOICE","","","PENDING","","",""
"160","70532753.wem","VOICE","","","PENDING","","",""
"161","215314467.wem","VOICE","","","PENDING","","",""
"162","1015064643.wem","VOICE","","","PENDING","","",""
"163","853491826.wem","VOICE","","","PENDING","","",""
"164","232476450.wem","VOICE","","","PENDING","","",""
"165","1994541.wem","VOICE","","","PENDING","","",""
"166","933920771.wem","VOICE","","","PENDING","","",""
"167","897931311.wem","VOICE","","","PENDING","","",""
"168","197738680.wem","VOICE","","","PENDING","","",""
"169","45145384.wem","VOICE","","","PENDING","","",""
"170","48753438.wem","VOICE","","","PENDING","","",""
"171","578006395.wem","VOICE","","","PENDING","","",""
"172","92791440.wem","VOICE","","","PENDING","","",""
"173","120369165.wem","VOICE","","","PENDING","","",""
"174","332168452.wem","VOICE","","","PENDING","","",""
"175","284086785.wem","VOICE","","","PENDING","","",""
"176","227431214.wem","VOICE","","","PENDING","","",""
"177","583111496.wem","VOICE","","","PENDING","","",""
"178","701213895.wem","VOICE","","","PENDING","","",""
"179","264889363.wem","VOICE","","","PENDING","","",""
"180","139313318.wem","VOICE","","","PENDING","","",""
"181","317399096.wem","VOICE","","","PENDING","","",""
"182","1018719994.wem","VOICE","","","PENDING","","",""
"183","635449659.wem","VOICE","","","PENDING","","",""
"184","568173431.wem","VOICE","","","PENDING","","",""
"185","31944517.wem","VOICE","","","PENDING","","",""
"186","272253548.wem","VOICE","","","PENDING","","",""
"187","1042630073.wem","VOICE","","","PENDING","","",""
"188","465962432.wem","VOICE","","","PENDING","","",""
"189","441636163.wem","VOICE","","","PENDING","","",""
"190","208695542.wem","VOICE","","","PENDING","","",""
"191","898503064.wem","VOICE","","","PENDING","","",""
"192","145401243.wem","VOICE","","","PENDING","","",""
"193","560660796.wem","VOICE","","","PENDING","","",""
"194","798490929.wem","VOICE","","","PENDING","","",""
"195","105106109.wem","VOICE","","","PENDING","","",""
"196","731303406.wem","VOICE","","","PENDING","","",""
"197","410333338.wem","VOICE","","","PENDING","","",""
"198","765967550.wem","VOICE","","","PENDING","","",""
"199","867596762.wem","VOICE","","","PENDING","","",""
"200","534780668.wem","VOICE","","","PENDING","","",""
"201","1002356841.wem","VOICE","","","PENDING","","",""
"202","857517261.wem","VOICE","","","PENDING","","",""
"203","679458430.wem","VOICE","","","PENDING","","",""
"204","450167022.wem","VOICE","","","PENDING","","",""
"205","691955040.wem","VOICE","","","PENDING","","",""
"206","201252940.wem","VOICE","","","PENDING","","",""
"207","536079640.wem","VOICE","","","PENDING","","",""
"208","337206063.wem","VOICE","","","PENDING","","",""
"209","537768246.wem","VOICE","","","PENDING","","",""
"210","623217668.wem","VOICE","","","PENDING","","",""
"211","821440897.wem","VOICE","","","PENDING","","",""
"212","709111517.wem","VOICE","","","PENDING","","",""
"213","785886237.wem","VOICE","","","PENDING","","",""
"214","9381084.wem","VOICE","","","PENDING","","",""
"215","18903818.wem","VOICE","","","PENDING","","",""
"216","1002118069.wem","VOICE","","","PENDING","","",""
"217","658700189.wem","VOICE","","","PENDING","","",""
"218","1063776406.wem","VOICE","","","PENDING","","",""
"219","136987909.wem","VOICE","","","PENDING","","",""
"220","159781536.wem","VOICE","","","PENDING","","",""
"221","920202335.wem","VOICE","","","PENDING","","",""
"222","423576560.wem","VOICE","","","PENDING","","",""
"223","264318605.wem","VOICE","","","PENDING","","",""
"224","566090492.wem","VOICE","","","PENDING","","",""
"225","547039271.wem","VOICE","","","PENDING","","",""
"226","252305306.wem","VOICE","","","PENDING","","",""
"227","970401893.wem","VOICE","","","PENDING","","",""
"228","946187242.wem","VOICE","","","PENDING","","",""
"229","835897267.wem","VOICE","","","PENDING","","",""
"230","561015116.wem","VOICE","","","PENDING","","",""
"231","751737961.wem","VOICE","","","PENDING","","",""
"232","928373896.wem","VOICE","","","PENDING","","",""
"233","677993324.wem","VOICE","","","PENDING","","",""
"234","185250707.wem","VOICE","","","PENDING","","",""
"235","195537923.wem","VOICE","","","PENDING","","",""
"236","157581541.wem","VOICE","","","PENDING","","",""
"237","339751913.wem","VOICE","","","PENDING","","",""
"238","588927754.wem","VOICE","","","PENDING","","",""
"239","393504504.wem","VOICE","","","PENDING","","",""
"240","430086978.wem","VOICE","","","PENDING","","",""
"241","647942636.wem","VOICE","","","PENDING","","",""
"242","805585905.wem","VOICE","","","PENDING","","",""
"243","970479669.wem","VOICE","","","PENDING","","",""
"244","575396518.wem","VOICE","","","PENDING","","",""
"245","223793026.wem","VOICE","","","PENDING","","",""
"246","929730082.wem","VOICE","","","PENDING","","",""
"247","864907048.wem","VOICE","","","PENDING","","",""
"248","630526577.wem","VOICE","","","PENDING","","",""
"249","566110703.wem","VOICE","","","PENDING","","",""
"250","596877562.wem","VOICE","","","PENDING","","",""
"251","753629622.wem","VOICE","","","PENDING","","",""
"252","1031659901.wem","VOICE","","","PENDING","","",""
"253","1013214237.wem","VOICE","","","PENDING","","",""
"254","299604590.wem","VOICE","","","PENDING","","",""
"255","146493191.wem","VOICE","","","PENDING","","",""
"256","760561591.wem","VOICE","","","PENDING","","",""
"257","529048438.wem","VOICE","","","PENDING","","",""
"258","61738747.wem","VOICE","","","PENDING","","",""
"259","8118526.wem","VOICE","","","PENDING","","",""
"260","87634762.wem","VOICE","","","PENDING","","",""
"261","136642407.wem","VOICE","","","PENDING","","",""
"262","609473232.wem","VOICE","","","PENDING","","",""
"263","774219807.wem","VOICE","","","PENDING","","",""
"264","780869917.wem","VOICE","","","PENDING","","",""
"265","653141414.wem","VOICE","","","PENDING","","",""
"266","959761289.wem","VOICE","","","PENDING","","",""
"267","287735083.wem","VOICE","","","PENDING","","",""
"268","167945959.wem","VOICE","","","PENDING","","",""
"269","1028485157.wem","VOICE","","","PENDING","","",""
"270","86065016.wem","VOICE","","","PENDING","","",""
"271","495882292.wem","VOICE","","","PENDING","","",""
"272","383786923.wem","VOICE","","","PENDING","","",""
"273","200272434.wem","VOICE","","","PENDING","","",""
"274","1068329219.wem","VOICE","","","PENDING","","",""
"275","826928329.wem","VOICE","","","PENDING","","",""
"276","46657280.wem","VOICE","","","PENDING","","",""
"277","272772371.wem","VOICE","","","PENDING","","",""
"278","842744467.wem","VOICE","","","PENDING","","",""
"279","89315413.wem","VOICE","","","PENDING","","",""
"280","157056275.wem","VOICE","","","PENDING","","",""
"281","866356484.wem","VOICE","","","PENDING","","",""
"282","496373118.wem","VOICE","","","PENDING","","",""
"283","206247569.wem","VOICE","","","PENDING","","",""
"284","43709616.wem","VOICE","","","PENDING","","",""
"285","876612086.wem","VOICE","","","PENDING","","",""
"286","1058158586.wem","VOICE","","","PENDING","","",""
"287","698957989.wem","VOICE","","","PENDING","","",""
"288","56270695.wem","VOICE","","","PENDING","","",""
"289","766154379.wem","VOICE","","","PENDING","","",""
"290","321690469.wem","VOICE","","","PENDING","","",""
"291","408545271.wem","VOICE","","","PENDING","","",""
"292","908775499.wem","VOICE","","","PENDING","","",""
"293","42374114.wem","VOICE","","","PENDING","","",""
"294","28899013.wem","VOICE","","","PENDING","","",""
"295","163370250.wem","VOICE","","","PENDING","","",""
"296","221217876.wem","VOICE","","","PENDING","","",""
"297","194110632.wem","VOICE","","","PENDING","","",""
"298","918364560.wem","VOICE","","","PENDING","","",""
"299","82613959.wem","VOICE","","","PENDING","","",""
"300","401643321.wem","VOICE","","","PENDING","","",""
"301","888043717.wem","VOICE","","","PENDING","","",""
"302","531535501.wem","VOICE","","","PENDING","","",""
"303","933900365.wem","VOICE","","","PENDING","","",""
"304","25982441.wem","VOICE","","","PENDING","","",""
"305","958401130.wem","VOICE","","","PENDING","","",""
"306","323978565.wem","VOICE","","","PENDING","","",""
"307","257763145.wem","VOICE","","","PENDING","","",""
"308","785330184.wem","VOICE","","","PENDING","","",""
"309","680844896.wem","VOICE","","","PENDING","","",""
"310","770219451.wem","VOICE","","","PENDING","","",""
"311","358279764.wem","VOICE","","","PENDING","","",""
"312","1009114422.wem","VOICE","","","PENDING","","",""
"313","330995421.wem","VOICE","","","PENDING","","",""
"314","486413675.wem","VOICE","","","PENDING","","",""
"315","556780192.wem","VOICE","","","PENDING","","",""
"316","836114481.wem","VOICE","","","PENDING","","",""
"317","653461993.wem","VOICE","","","PENDING","","",""
"318","65544374.wem","VOICE","","","PENDING","","",""
"319","623153603.wem","VOICE","","","PENDING","","",""
"320","632520951.wem","VOICE","","","PENDING","","",""
"321","815062021.wem","VOICE","","","PENDING","","",""
"322","11950871.wem","VOICE","","","PENDING","","",""
"323","722311450.wem","VOICE","","","PENDING","","",""
"324","887694664.wem","VOICE","","","PENDING","","",""
"325","871207888.wem","VOICE","","","PENDING","","",""
"326","877143853.wem","VOICE","","","PENDING","","",""
"327","876561326.wem","VOICE","","","PENDING","","",""
"328","691097811.wem","VOICE","","","PENDING","","",""
"329","1013619871.wem","VOICE","","","PENDING","","",""
"330","271969660.wem","VOICE","","","PENDING","","",""
"331","1046561200.wem","VOICE","","","PENDING","","",""
"332","493162889.wem","VOICE","","","PENDING","","",""
"333","75298720.wem","VOICE","","","PENDING","","",""
"334","788630374.wem","VOICE","","","PENDING","","",""
"335","467069342.wem","VOICE","","","PENDING","","",""
"336","963567431.wem","VOICE","","","PENDING","","",""
"337","206319454.wem","VOICE","","","PENDING","","",""
"338","577440984.wem","VOICE","","","PENDING","","",""
"339","766329512.wem","VOICE","","","PENDING","","",""
"340","508418172.wem","VOICE","","","PENDING","","",""
"341","867267413.wem","VOICE","","","PENDING","","",""
"342","182815024.wem","VOICE","","","PENDING","","",""
"343","781907701.wem","VOICE","","","PENDING","","",""
"344","34453711.wem","VOICE","","","PENDING","","",""
"345","90880483.wem","VOICE","","","PENDING","","",""
"346","789342652.wem","VOICE","","","PENDING","","",""
"347","30052689.wem","VOICE","","","PENDING","","",""
"348","151932880.wem","VOICE","","","PENDING","","",""
"349","433983910.wem","VOICE","","","PENDING","","",""
"350","597905619.wem","VOICE","","","PENDING","","",""
"351","514246346.wem","VOICE","","","PENDING","","",""
"352","829944393.wem","VOICE","","","PENDING","","",""
"353","182704058.wem","VOICE","","","PENDING","","",""
"354","194330409.wem","VOICE","","","PENDING","","",""
"355","572354245.wem","VOICE","","","PENDING","","",""
"356","1069557766.wem","VOICE","","","PENDING","","",""
"357","211532930.wem","VOICE","","","PENDING","","",""
"358","866425644.wem","VOICE","","","PENDING","","",""
"359","300465557.wem","VOICE","","","PENDING","","",""
"360","990261344.wem","VOICE","","","PENDING","","",""
"361","67891682.wem","VOICE","","","PENDING","","",""
"362","117772031.wem","VOICE","","","PENDING","","",""
"363","35991868.wem","VOICE","","","PENDING","","",""
"364","772188202.wem","VOICE","","","PENDING","","",""
"365","1050544152.wem","VOICE","","","PENDING","","",""
"366","301847788.wem","VOICE","","","PENDING","","",""
"367","766877046.wem","VOICE","","","PENDING","","",""
"368","117726891.wem","VOICE","","","PENDING","","",""
"369","296620762.wem","VOICE","","","PENDING","","",""
"370","917369937.wem","VOICE","","","PENDING","","",""
"371","589745889.wem","VOICE","","","PENDING","","",""
"372","802166597.wem","VOICE","","","PENDING","","",""
"373","1019777163.wem","VOICE","","","PENDING","","",""
"374","892470400.wem","VOICE","","","PENDING","","",""
"375","144853272.wem","VOICE","","","PENDING","","",""
"376","633207798.wem","VOICE","","","PENDING","","",""
"377","884690055.wem","VOICE","","","PENDING","","",""
"378","1039444031.wem","VOICE","","","PENDING","","",""
"379","233018484.wem","VOICE","","","PENDING","","",""
"380","781960931.wem","VOICE","","","PENDING","","",""
"381","744639936.wem","VOICE","","","PENDING","","",""
"382","352352022.wem","VOICE","","","PENDING","","",""
"383","886608002.wem","VOICE","","","PENDING","","",""
"384","27039803.wem","VOICE","","","PENDING","","",""
"385","941899465.wem","VOICE","","","PENDING","","",""
"386","342371862.wem","VOICE","","","PENDING","","",""
"387","148307580.wem","VOICE","","","PENDING","","",""
"388","919924785.wem","VOICE","","","PENDING","","",""
"389","122220929.wem","VOICE","","","PENDING","","",""
"390","790152374.wem","VOICE","","","PENDING","","",""
"391","531151495.wem","VOICE","","","PENDING","","",""
"392","529421949.wem","VOICE","","","PENDING","","",""
"393","743117923.wem","VOICE","","","PENDING","","",""
"394","438170191.wem","VOICE","","","PENDING","","",""
"395","1007923018.wem","VOICE","","","PENDING","","",""
"396","579883385.wem","VOICE","","","PENDING","","",""
"397","1012272758.wem","VOICE","","","PENDING","","",""
"398","458898376.wem","VOICE","","","PENDING","","",""
"399","724830889.wem","VOICE","","","PENDING","","",""
"400","140753050.wem","VOICE","","","PENDING","","",""
"401","202756120.wem","VOICE","","","PENDING","","",""
"402","4880661.wem","VOICE","","","PENDING","","",""
"403","618494245.wem","VOICE","","","PENDING","","",""
"404","430911117.wem","VOICE","","","PENDING","","",""
"405","123995673.wem","VOICE","","","PENDING","","",""
"406","75859786.wem","VOICE","","","PENDING","","",""
"407","776520249.wem","VOICE","","","PENDING","","",""
"408","558462656.wem","VOICE","","","PENDING","","",""
"409","201897175.wem","VOICE","","","PENDING","","",""
"410","105622278.wem","VOICE","","","PENDING","","",""
"411","336600463.wem","VOICE","","","PENDING","","",""
"412","444357559.wem","VOICE","","","PENDING","","",""
"413","529146015.wem","VOICE","","","PENDING","","",""
"414","376568401.wem","VOICE","","","PENDING","","",""
"415","536489072.wem","VOICE","","","PENDING","","",""
"416","16413068.wem","VOICE","","","PENDING","","",""
"417","336164338.wem","VOICE","","","PENDING","","",""
"418","724317941.wem","VOICE","","","PENDING","","",""
"419","661524582.wem","VOICE","","","PENDING","","",""
"420","676072795.wem","VOICE","","","PENDING","","",""
"421","1068184009.wem","VOICE","","","PENDING","","",""
"422","72599138.wem","VOICE","","","PENDING","","",""
"423","31296218.wem","VOICE","","","PENDING","","",""
"424","1042118390.wem","VOICE","","","PENDING","","",""
"425","688599799.wem","VOICE","","","PENDING","","",""
"426","359231875.wem","VOICE","","","PENDING","","",""
"427","964945468.wem","VOICE","","","PENDING","","",""
"428","1016239674.wem","VOICE","","","PENDING","","",""
"429","606607172.wem","VOICE","","","PENDING","","",""
"430","51534216.wem","VOICE","","","PENDING","","",""
"431","1064404150.wem","VOICE","","","PENDING","","",""
"432","244321865.wem","VOICE","","","PENDING","","",""
"433","579137320.wem","VOICE","","","PENDING","","",""
"434","344561946.wem","VOICE","","","PENDING","","",""
"435","80944288.wem","VOICE","","","PENDING","","",""
"436","753076740.wem","VOICE","","","PENDING","","",""
"437","128616695.wem","VOICE","","","PENDING","","",""
"438","715683777.wem","VOICE","","","PENDING","","",""
"439","511031568.wem","VOICE","","","PENDING","","",""
"440","540348542.wem","VOICE","","","PENDING","","",""
"441","24774449.wem","VOICE","","","PENDING","","",""
"442","354668928.wem","VOICE","","","PENDING","","",""
"443","516151388.wem","VOICE","","","PENDING","","",""
"444","230796911.wem","VOICE","","","PENDING","","",""
"445","979626938.wem","VOICE","","","PENDING","","",""
"446","253103376.wem","VOICE","","","PENDING","","",""
"447","197543547.wem","VOICE","","","PENDING","","",""
"448","864723965.wem","VOICE","","","PENDING","","",""
"449","528120439.wem","VOICE","","","PENDING","","",""
"450","149097461.wem","VOICE","","","PENDING","","",""
"451","578909285.wem","VOICE","","","PENDING","","",""
"452","387708242.wem","VOICE","","","PENDING","","",""
"453","958740332.wem","VOICE","","","PENDING","","",""
"454","983217710.wem","VOICE","","","PENDING","","",""
"455","161300527.wem","VOICE","","","PENDING","","",""
"456","224466364.wem","VOICE","","","PENDING","","",""
"457","344949174.wem","VOICE","","","PENDING","","",""
"458","1071813657.wem","VOICE","","","PENDING","","",""
"459","1004466769.wem","VOICE","","","PENDING","","",""
"460","919355035.wem","VOICE","","","PENDING","","",""
"461","495764015.wem","VOICE","","","PENDING","","",""
"462","199511651.wem","VOICE","","","PENDING","","",""
"463","841131934.wem","VOICE","","","PENDING","","",""
"464","470175939.wem","VOICE","","","PENDING","","",""
"465","939132931.wem","VOICE","","","PENDING","","",""
"466","374069543.wem","VOICE","","","PENDING","","",""
"467","670881469.wem","VOICE","","","PENDING","","",""
"468","428355477.wem","VOICE","","","PENDING","","",""
"469","494989785.wem","VOICE","","","PENDING","","",""
"470","192763684.wem","VOICE","","","PENDING","","",""
"471","796883833.wem","VOICE","","","PENDING","","",""
"472","843549300.wem","VOICE","","","PENDING","","",""
"473","184647666.wem","VOICE","","","PENDING","","",""
"474","833910343.wem","VOICE","","","PENDING","","",""
"475","120459133.wem","VOICE","","","PENDING","","",""
"476","201433572.wem","VOICE","","","PENDING","","",""
"477","509150225.wem","VOICE","","","PENDING","","",""
"478","979544947.wem","VOICE","","","PENDING","","",""
"479","466008262.wem","VOICE","","","PENDING","","",""
"480","622342419.wem","VOICE","","","PENDING","","",""
"481","742386258.wem","VOICE","","","PENDING","","",""
"482","196366528.wem","VOICE","","","PENDING","","",""
"483","15806715.wem","VOICE","","","PENDING","","",""
"484","882396025.wem","VOICE","","","PENDING","","",""
"485","916018735.wem","VOICE","","","PENDING","","",""
"486","740908996.wem","VOICE","","","PENDING","","",""
"487","1052971964.wem","VOICE","","","PENDING","","",""
"488","62506718.wem","VOICE","","","PENDING","","",""
"489","417658502.wem","VOICE","","","PENDING","","",""
"490","583113460.wem","VOICE","","","PENDING","","",""
"491","695226232.wem","VOICE","","","PENDING","","",""
"492","289770978.wem","VOICE","","","PENDING","","",""
"493","508042368.wem","VOICE","","","PENDING","","",""
"494","327111786.wem","VOICE","","","PENDING","","",""
"495","1050074967.wem","VOICE","","","PENDING","","",""
"496","812339299.wem","VOICE","","","PENDING","","",""
"497","878999912.wem","VOICE","","","PENDING","","",""
"498","898001860.wem","VOICE","","","PENDING","","",""
"499","403731769.wem","VOICE","","","PENDING","","",""
"500","38372339.wem","VOICE","","","PENDING","","",""
"501","168165222.wem","VOICE","","","PENDING","","",""
"502","366751104.wem","VOICE","","","PENDING","","",""
"503","936295321.wem","VOICE","","","PENDING","","",""
"504","125264452.wem","VOICE","","","PENDING","","",""
"505","975698895.wem","VOICE","","","PENDING","","",""
"506","667534222.wem","VOICE","","","PENDING","","",""
"507","968419079.wem","VOICE","","","PENDING","","",""
"508","18029859.wem","VOICE","","","PENDING","","",""
"509","240912965.wem","VOICE","","","PENDING","","",""
"510","952069668.wem","VOICE","","","PENDING","","",""
"511","1007862950.wem","VOICE","","","PENDING","","",""
"512","895007152.wem","VOICE","","","PENDING","","",""
"513","1011669277.wem","VOICE","","","PENDING","","",""
"514","792588876.wem","VOICE","","","PENDING","","",""
"515","411497555.wem","VOICE","","","PENDING","","",""
"516","23618156.wem","VOICE","","","PENDING","","",""
"517","625985248.wem","VOICE","","","PENDING","","",""
"518","448827065.wem","VOICE","","","PENDING","","",""
"519","619268756.wem","VOICE","","","PENDING","","",""
"520","846965701.wem","VOICE","","","PENDING","","",""
"521","453883104.wem","VOICE","","","PENDING","","",""
"522","488360730.wem","VOICE","","","PENDING","","",""
"523","669126361.wem","VOICE","","","PENDING","","",""
"524","880656504.wem","VOICE","","","PENDING","","",""
"525","758290971.wem","VOICE","","","PENDING","","",""
"526","262650098.wem","VOICE","","","PENDING","","",""
"527","738409400.wem","VOICE","","","PENDING","","",""
"528","474078733.wem","VOICE","","","PENDING","","",""
"529","145243625.wem","VOICE","","","PENDING","","",""
"530","219180708.wem","VOICE","","","PENDING","","",""
"531","348670091.wem","VOICE","","","PENDING","","",""
"532","225139994.wem","VOICE","","","PENDING","","",""
"533","290922556.wem","VOICE","","","PENDING","","",""
"534","186070293.wem","VOICE","","","PENDING","","",""
"535","394444490.wem","VOICE","","","PENDING","","",""
"536","892193187.wem","VOICE","","","PENDING","","",""
"537","621923253.wem","VOICE","","","PENDING","","",""
"538","640595667.wem","VOICE","","","PENDING","","",""
"539","734903317.wem","VOICE","","","PENDING","","",""
"540","115875410.wem","VOICE","","","PENDING","","",""
"541","764618888.wem","VOICE","","","PENDING","","",""
"542","374071736.wem","VOICE","","","PENDING","","",""
"543","858928381.wem","VOICE","","","PENDING","","",""
"544","210412192.wem","VOICE","","","PENDING","","",""
"545","836859547.wem","VOICE","","","PENDING","","",""
"546","346829381.wem","VOICE","","","PENDING","","",""
"547","218049326.wem","VOICE","","","PENDING","","",""
"548","652307045.wem","VOICE","","","PENDING","","",""
"549","1024311381.wem","VOICE","","","PENDING","","",""
"550","443826166.wem","VOICE","","","PENDING","","",""
"551","175393690.wem","VOICE","","","PENDING","","",""
"552","45850526.wem","VOICE","","","PENDING","","",""
"553","660666201.wem","VOICE","","","PENDING","","",""
"554","176239191.wem","VOICE","","","PENDING","","",""
"555","302855129.wem","VOICE","","","PENDING","","",""
"556","141791397.wem","VOICE","","","PENDING","","",""
"557","580642956.wem","VOICE","","","PENDING","","",""
"558","305371706.wem","VOICE","","","PENDING","","",""
"559","150800374.wem","VOICE","","","PENDING","","",""
"560","431294283.wem","VOICE","","","PENDING","","",""
"561","219721614.wem","VOICE","","","PENDING","","",""
"562","452907922.wem","VOICE","","","PENDING","","",""
"563","296028953.wem","VOICE","","","PENDING","","",""
"564","581175625.wem","VOICE","","","PENDING","","",""
"565","367584962.wem","VOICE","","","PENDING","","",""
"566","359395123.wem","VOICE","","","PENDING","","",""
"567","187877902.wem","VOICE","","","PENDING","","",""
"568","1027092084.wem","VOICE","","","PENDING","","",""
"569","14026281.wem","VOICE","","","PENDING","","",""
"570","198261962.wem","VOICE","","","PENDING","","",""
"571","980652201.wem","VOICE","","","PENDING","","",""
"572","286377453.wem","VOICE","","","PENDING","","",""
"573","876947983.wem","VOICE","","","PENDING","","",""
"574","565565952.wem","VOICE","","","PENDING","","",""
"575","546302932.wem","VOICE","","","PENDING","","",""
"576","840654523.wem","VOICE","","","PENDING","","",""
"577","557983551.wem","VOICE","","","PENDING","","",""
"578","619345926.wem","VOICE","","","PENDING","","",""
"579","506775474.wem","VOICE","","","PENDING","","",""
"580","751285065.wem","VOICE","","","PENDING","","",""
"581","927341555.wem","VOICE","","","PENDING","","",""
"582","481015795.wem","VOICE","","","PENDING","","",""
"583","110570427.wem","VOICE","","","PENDING","","",""
"584","785139564.wem","VOICE","","","PENDING","","",""
"585","720617396.wem","VOICE","","","PENDING","","",""
"586","578164637.wem","VOICE","","","PENDING","","",""
"587","753289531.wem","VOICE","","","PENDING","","",""
"588","910243833.wem","VOICE","","","PENDING","","",""
"589","299312186.wem","VOICE","","","PENDING","","",""
"590","104766979.wem","VOICE","","","PENDING","","",""
"591","377506577.wem","VOICE","","","PENDING","","",""
"592","147824665.wem","VOICE","","","PENDING","","",""
"593","222265191.wem","VOICE","","","PENDING","","",""
"594","212177027.wem","VOICE","","","PENDING","","",""
"595","994924645.wem","VOICE","","","PENDING","","",""
"596","813163035.wem","VOICE","","","PENDING","","",""
"597","929772598.wem","VOICE","","","PENDING","","",""
"598","223275476.wem","VOICE","","","PENDING","","",""
"599","638460096.wem","VOICE","","","PENDING","","",""
"600","116769263.wem","VOICE","","","PENDING","","",""
"601","272522425.wem","VOICE","","","PENDING","","",""
"602","754082385.wem","VOICE","","","PENDING","","",""
"603","1001401885.wem","VOICE","","","PENDING","","",""
"604","231591266.wem","VOICE","","","PENDING","","",""
"605","183169828.wem","VOICE","","","PENDING","","",""
"606","962377788.wem","VOICE","","","PENDING","","",""
"607","157528075.wem","VOICE","","","PENDING","","",""
"608","637882652.wem","VOICE","","","PENDING","","",""
"609","508384238.wem","VOICE","","","PENDING","","",""
"610","1059961648.wem","VOICE","","","PENDING","","",""
"611","871360798.wem","VOICE","","","PENDING","","",""
"612","522342351.wem","VOICE","","","PENDING","","",""
"613","649348424.wem","VOICE","","","PENDING","","",""
"614","934459535.wem","VOICE","","","PENDING","","",""
"615","914212892.wem","VOICE","","","PENDING","","",""
"616","730596321.wem","VOICE","","","PENDING","","",""
"617","809202668.wem","VOICE","","","PENDING","","",""
"618","937859725.wem","VOICE","","","PENDING","","",""
"619","947703177.wem","VOICE","","","PENDING","","",""
"620","713057920.wem","VOICE","","","PENDING","","",""
"621","439818420.wem","VOICE","","","PENDING","","",""
"622","131593931.wem","VOICE","","","PENDING","","",""
"623","357489160.wem","VOICE","","","PENDING","","",""
"624","609442118.wem","VOICE","","","PENDING","","",""
"625","262509221.wem","VOICE","","","PENDING","","",""
"626","499650297.wem","VOICE","","","PENDING","","",""
"627","724109307.wem","VOICE","","","PENDING","","",""
"628","492451819.wem","VOICE","","","PENDING","","",""
"629","786785770.wem","VOICE","","","PENDING","","",""
"630","803570338.wem","VOICE","","","PENDING","","",""
"631","996950021.wem","VOICE","","","PENDING","","",""
"632","843034458.wem","VOICE","","","PENDING","","",""
"633","808784971.wem","VOICE","","","PENDING","","",""
"634","291791478.wem","VOICE","","","PENDING","","",""
"635","598109044.wem","VOICE","","","PENDING","","",""
"636","705917216.wem","VOICE","","","PENDING","","",""
"637","1026098211.wem","VOICE","","","PENDING","","",""
"638","481223653.wem","VOICE","","","PENDING","","",""
"639","134051271.wem","VOICE","","","PENDING","","",""
"640","162031974.wem","VOICE","","","PENDING","","",""
"641","21967293.wem","VOICE","","","PENDING","","",""
"642","483044510.wem","VOICE","","","PENDING","","",""
"643","470716356.wem","VOICE","","","PENDING","","",""
"644","452233968.wem","VOICE","","","PENDING","","",""
"645","365060074.wem","VOICE","","","PENDING","","",""
"646","167560200.wem","VOICE","","","PENDING","","",""
"647","708939688.wem","VOICE","","","PENDING","","",""
"648","181324910.wem","VOICE","","","PENDING","","",""
"649","204876013.wem","VOICE","","","PENDING","","",""
"650","148095223.wem","VOICE","","","PENDING","","",""
"651","545688649.wem","VOICE","","","PENDING","","",""
"652","664929149.wem","VOICE","","","PENDING","","",""
"653","287207942.wem","VOICE","","","PENDING","","",""
"654","162811341.wem","VOICE","","","PENDING","","",""
"655","894548271.wem","VOICE","","","PENDING","","",""
"656","196991802.wem","VOICE","","","PENDING","","",""
"657","295197945.wem","VOICE","","","PENDING","","",""
"658","990263916.wem","VOICE","","","PENDING","","",""
"659","530181021.wem","VOICE","","","PENDING","","",""
"660","496330691.wem","VOICE","","","PENDING","","",""
"661","336643644.wem","VOICE","","","PENDING","","",""
"662","282305378.wem","VOICE","","","PENDING","","",""
"663","127735755.wem","VOICE","","","PENDING","","",""
"664","820023170.wem","VOICE","","","PENDING","","",""
"665","854370586.wem","VOICE","","","PENDING","","",""
"666","338807096.wem","VOICE","","","PENDING","","",""
"667","170803105.wem","VOICE","","","PENDING","","",""
"668","166581581.wem","VOICE","","","PENDING","","",""
"669","712654566.wem","VOICE","","","PENDING","","",""
"670","589192513.wem","VOICE","","","PENDING","","",""
"671","994952825.wem","VOICE","","","PENDING","","",""
"672","822250269.wem","VOICE","","","PENDING","","",""
"673","520292044.wem","VOICE","","","PENDING","","",""
"674","561127797.wem","VOICE","","","PENDING","","",""
"675","191772834.wem","VOICE","","","PENDING","","",""
"676","903880128.wem","VOICE","","","PENDING","","",""
"677","884181245.wem","VOICE","","","PENDING","","",""
"678","1010472104.wem","VOICE","","","PENDING","","",""
"679","1015723236.wem","VOICE","","","PENDING","","",""
"680","1002909437.wem","VOICE","","","PENDING","","",""
"681","585691051.wem","VOICE","","","PENDING","","",""
"682","1016515822.wem","VOICE","","","PENDING","","",""
"683","228038233.wem","VOICE","","","PENDING","","",""
"684","513712278.wem","VOICE","","","PENDING","","",""
"685","475146708.wem","VOICE","","","PENDING","","",""
"686","666889927.wem","VOICE","","","PENDING","","",""
"687","948823182.wem","VOICE","","","PENDING","","",""
"688","300764624.wem","VOICE","","","PENDING","","",""
"689","465789938.wem","VOICE","","","PENDING","","",""
"690","840613763.wem","VOICE","","","PENDING","","",""
"691","564398809.wem","VOICE","","","PENDING","","",""
"692","461263734.wem","VOICE","","","PENDING","","",""
"693","777986001.wem","VOICE","","","PENDING","","",""
"694","702029865.wem","VOICE","","","PENDING","","",""
"695","751516442.wem","VOICE","","","PENDING","","",""
"696","850488335.wem","VOICE","","","PENDING","","",""
"697","345019061.wem","VOICE","","","PENDING","","",""
"698","914637809.wem","VOICE","","","PENDING","","",""
"699","722799325.wem","VOICE","","","PENDING","","",""
"700","776471683.wem","VOICE","","","PENDING","","",""
"701","1051914724.wem","VOICE","","","PENDING","","",""
"702","530397980.wem","VOICE","","","PENDING","","",""
"703","120129487.wem","VOICE","","","PENDING","","",""
"704","739960959.wem","VOICE","","","PENDING","","",""
"705","182563901.wem","VOICE","","","PENDING","","",""
"706","361924852.wem","VOICE","","","PENDING","","",""
"707","860778881.wem","VOICE","","","PENDING","","",""
"708","28006126.wem","VOICE","","","PENDING","","",""
"709","366831874.wem","VOICE","","","PENDING","","",""
"710","481209477.wem","VOICE","","","PENDING","","",""
"711","288149885.wem","VOICE","","","PENDING","","",""
"712","206482288.wem","VOICE","","","PENDING","","",""
"713","293295906.wem","VOICE","","","PENDING","","",""
"714","618025199.wem","VOICE","","","PENDING","","",""
"715","546071994.wem","VOICE","","","PENDING","","",""
"716","512180737.wem","VOICE","","","PENDING","","",""
"717","545435231.wem","VOICE","","","PENDING","","",""
"718","289836723.wem","VOICE","","","PENDING","","",""
"719","446263000.wem","VOICE","","","PENDING","","",""
"720","410268385.wem","VOICE","","","PENDING","","",""
"721","463698316.wem","VOICE","","","PENDING","","",""
"722","882258407.wem","VOICE","","","PENDING","","",""
"723","127357609.wem","VOICE","","","PENDING","","",""
"724","548195936.wem","VOICE","","","PENDING","","",""
"725","866332544.wem","VOICE","","","PENDING","","",""
"726","359297207.wem","VOICE","","","PENDING","","",""
"727","11743198.wem","VOICE","","","PENDING","","",""
"728","637936669.wem","VOICE","","","PENDING","","",""
"729","301281303.wem","VOICE","","","PENDING","","",""
"730","451636995.wem","VOICE","","","PENDING","","",""
"731","372538656.wem","VOICE","","","PENDING","","",""
"732","27985417.wem","VOICE","","","PENDING","","",""
"733","382335453.wem","VOICE","","","PENDING","","",""
"734","54151231.wem","VOICE","","","PENDING","","",""
"735","793708866.wem","VOICE","","","PENDING","","",""
"736","233358959.wem","VOICE","","","PENDING","","",""
"737","613385637.wem","VOICE","","","PENDING","","",""
"738","338048439.wem","VOICE","","","PENDING","","",""
"739","779278000.wem","VOICE","","","PENDING","","",""
"740","415979427.wem","VOICE","","","PENDING","","",""
"741","371295396.wem","VOICE","","","PENDING","","",""
"742","335569914.wem","VOICE","","","PENDING","","",""
"743","393759497.wem","VOICE","","","PENDING","","",""
"744","538302831.wem","VOICE","","","PENDING","","",""
"745","549141893.wem","VOICE","","","PENDING","","",""
"746","276506526.wem","VOICE","","","PENDING","","",""
"747","268025381.wem","VOICE","","","PENDING","","",""
"748","93325588.wem","VOICE","","","PENDING","","",""
"749","706545110.wem","VOICE","","","PENDING","","",""
"750","688166578.wem","VOICE","","","PENDING","","",""
"751","474328726.wem","VOICE","","","PENDING","","",""
"752","102436360.wem","VOICE","","","PENDING","","",""
"753","763581127.wem","VOICE","","","PENDING","","",""
"754","54204748.wem","VOICE","","","PENDING","","",""
"755","920068327.wem","VOICE","","","PENDING","","",""
"756","376272801.wem","VOICE","","","PENDING","","",""
"757","939038798.wem","VOICE","","","PENDING","","",""
"758","36771323.wem","VOICE","","","PENDING","","",""
"759","505575962.wem","VOICE","","","PENDING","","",""
"760","987869067.wem","VOICE","","","PENDING","","",""
"761","107594310.wem","VOICE","","","PENDING","","",""
"762","322706511.wem","VOICE","","","PENDING","","",""
"763","265251714.wem","VOICE","","","PENDING","","",""
"764","162530994.wem","VOICE","","","PENDING","","",""
"765","646898170.wem","VOICE","","","PENDING","","",""
"766","474969243.wem","VOICE","","","PENDING","","",""
"767","743470628.wem","VOICE","","","PENDING","","",""
"768","1019241950.wem","VOICE","","","PENDING","","",""
"769","822386335.wem","VOICE","","","PENDING","","",""
"770","890121176.wem","VOICE","","","PENDING","","",""
"771","16526771.wem","VOICE","","","PENDING","","",""
"772","966190588.wem","VOICE","","","PENDING","","",""
"773","651223136.wem","VOICE","","","PENDING","","",""
"774","111213177.wem","VOICE","","","PENDING","","",""
"775","895500184.wem","VOICE","","","PENDING","","",""
"776","784706505.wem","VOICE","","","PENDING","","",""
"777","216677552.wem","VOICE","","","PENDING","","",""
"778","860084154.wem","VOICE","","","PENDING","","",""
"779","876965456.wem","VOICE","","","PENDING","","",""
"780","606911486.wem","VOICE","","","PENDING","","",""
"781","836270660.wem","VOICE","","","PENDING","","",""
"782","702374114.wem","VOICE","","","PENDING","","",""
"783","548631672.wem","VOICE","","","PENDING","","",""
"784","810336999.wem","VOICE","","","PENDING","","",""
"785","586977885.wem","VOICE","","","PENDING","","",""
"786","38896854.wem","VOICE","","","PENDING","","",""
"787","123921731.wem","VOICE","","","PENDING","","",""
"788","1065946615.wem","VOICE","","","PENDING","","",""
"789","297588063.wem","VOICE","","","PENDING","","",""
"790","974306733.wem","VOICE","","","PENDING","","",""
"791","859504379.wem","VOICE","","","PENDING","","",""
"792","441969863.wem","VOICE","","","PENDING","","",""
"793","295402180.wem","VOICE","","","PENDING","","",""
"794","122381597.wem","VOICE","","","PENDING","","",""
"795","619319587.wem","VOICE","","","PENDING","","",""
"796","634150988.wem","VOICE","","","PENDING","","",""
"797","677551103.wem","VOICE","","","PENDING","","",""
"798","681273938.wem","VOICE","","","PENDING","","",""
"799","252257032.wem","VOICE","","","PENDING","","",""
"800","312358803.wem","VOICE","","","PENDING","","",""
"801","739612169.wem","VOICE","","","PENDING","","",""
"802","1035824601.wem","VOICE","","","PENDING","","",""
"803","142501603.wem","VOICE","","","PENDING","","",""
"804","1019119805.wem","VOICE","","","PENDING","","",""
"805","213762010.wem","VOICE","","","PENDING","","",""
"806","849736638.wem","VOICE","","","PENDING","","",""
"807","147747681.wem","VOICE","","","PENDING","","",""
"808","404788835.wem","VOICE","","","PENDING","","",""
"809","307942064.wem","VOICE","","","PENDING","","",""
"810","656128884.wem","VOICE","","","PENDING","","",""
"811","836242656.wem","VOICE","","","PENDING","","",""
"812","659204516.wem","VOICE","","","PENDING","","",""
"813","687952756.wem","VOICE","","","PENDING","","",""
"814","788169647.wem","VOICE","","","PENDING","","",""
"815","3425580.wem","VOICE","","","PENDING","","",""
"816","842102351.wem","VOICE","","","PENDING","","",""
"817","20696694.wem","VOICE","","","PENDING","","",""
"818","14140737.wem","VOICE","","","PENDING","","",""
"819","984367350.wem","VOICE","","","PENDING","","",""
"820","1011213518.wem","VOICE","","","PENDING","","",""
"821","98552437.wem","VOICE","","","PENDING","","",""
"822","233546027.wem","VOICE","","","PENDING","","",""
"823","677559673.wem","VOICE","","","PENDING","","",""
"824","485350741.wem","VOICE","","","PENDING","","",""
"825","664790396.wem","VOICE","","","PENDING","","",""
"826","439504169.wem","VOICE","","","PENDING","","",""
"827","883334655.wem","VOICE","","","PENDING","","",""
"828","556011718.wem","VOICE","","","PENDING","","",""
"829","620639237.wem","VOICE","","","PENDING","","",""
"830","460416727.wem","VOICE","","","PENDING","","",""
"831","287830862.wem","VOICE","","","PENDING","","",""
"832","493722911.wem","VOICE","","","PENDING","","",""
"833","176314973.wem","VOICE","","","PENDING","","",""
"834","770679657.wem","VOICE","","","PENDING","","",""
"835","846936539.wem","VOICE","","","PENDING","","",""
"836","956882359.wem","VOICE","","","PENDING","","",""
"837","631317220.wem","VOICE","","","PENDING","","",""
"838","866777626.wem","VOICE","","","PENDING","","",""
"839","175489343.wem","VOICE","","","PENDING","","",""
"840","643106928.wem","VOICE","","","PENDING","","",""
"841","630611290.wem","VOICE","","","PENDING","","",""
"842","864627047.wem","VOICE","","","PENDING","","",""
"843","6407439.wem","VOICE","","","PENDING","","",""
"844","958186655.wem","VOICE","","","PENDING","","",""
"845","394844575.wem","VOICE","","","PENDING","","",""
"846","264429072.wem","VOICE","","","PENDING","","",""
"847","904508579.wem","VOICE","","","PENDING","","",""
"848","116629131.wem","VOICE","","","PENDING","","",""
"849","336743785.wem","VOICE","","","PENDING","","",""
"850","185799516.wem","VOICE","","","PENDING","","",""
"851","608002897.wem","VOICE","","","PENDING","","",""
"852","874935267.wem","VOICE","","","PENDING","","",""
"853","1032521899.wem","VOICE","","","PENDING","","",""
"854","1008196753.wem","VOICE","","","PENDING","","",""
"855","551136483.wem","VOICE","","","PENDING","","",""
"856","681387595.wem","VOICE","","","PENDING","","",""
"857","490282974.wem","VOICE","","","PENDING","","",""
"858","83349338.wem","VOICE","","","PENDING","","",""
"859","1030164003.wem","VOICE","","","PENDING","","",""
"860","192113431.wem","VOICE","","","PENDING","","",""
"861","755540062.wem","VOICE","","","PENDING","","",""
"862","820152014.wem","VOICE","","","PENDING","","",""
"863","688622186.wem","VOICE","","","PENDING","","",""
"864","620304233.wem","VOICE","","","PENDING","","",""
"865","303752298.wem","VOICE","","","PENDING","","",""
"866","86008251.wem","VOICE","","","PENDING","","",""
"867","38505124.wem","VOICE","","","PENDING","","",""
"868","475355609.wem","VOICE","","","PENDING","","",""
"869","1056241236.wem","VOICE","","","PENDING","","",""
"870","206607860.wem","VOICE","","","PENDING","","",""
"871","384020408.wem","VOICE","","","PENDING","","",""
"872","231986273.wem","VOICE","","","PENDING","","",""
"873","507868355.wem","VOICE","","","PENDING","","",""
"874","65816721.wem","VOICE","","","PENDING","","",""
"875","396856693.wem","VOICE","","","PENDING","","",""
"876","718567021.wem","VOICE","","","PENDING","","",""
"877","503484683.wem","VOICE","","","PENDING","","",""
"878","726089987.wem","VOICE","","","PENDING","","",""
"879","1016042812.wem","VOICE","","","PENDING","","",""
"880","564389244.wem","VOICE","","","PENDING","","",""
"881","607257319.wem","VOICE","","","PENDING","","",""
"882","1019216425.wem","VOICE","","","PENDING","","",""
"883","150649308.wem","VOICE","","","PENDING","","",""
"884","607237120.wem","VOICE","","","PENDING","","",""
"885","192194498.wem","VOICE","","","PENDING","","",""
"886","243616231.wem","VOICE","","","PENDING","","",""
"887","184262414.wem","VOICE","","","PENDING","","",""
"888","478782204.wem","VOICE","","","PENDING","","",""
"889","410655110.wem","VOICE","","","PENDING","","",""
"890","169992522.wem","VOICE","","","PENDING","","",""
"891","212234175.wem","VOICE","","","PENDING","","",""
"892","760776751.wem","VOICE","","","PENDING","","",""
"893","742914976.wem","VOICE","","","PENDING","","",""
"894","779318320.wem","VOICE","","","PENDING","","",""
"895","739343470.wem","VOICE","","","PENDING","","",""
"896","137581498.wem","VOICE","","","PENDING","","",""
"897","511045932.wem","VOICE","","","PENDING","","",""
"898","326337733.wem","VOICE","","","PENDING","","",""
"899","529627824.wem","VOICE","","","PENDING","","",""
"900","103162336.wem","VOICE","","","PENDING","","",""
"901","735720766.wem","VOICE","","","PENDING","","",""
"902","846917398.wem","VOICE","","","PENDING","","",""
"903","50572807.wem","VOICE","","","PENDING","","",""
"904","916594557.wem","VOICE","","","PENDING","","",""
"905","219835625.wem","VOICE","","","PENDING","","",""
"906","1018412350.wem","VOICE","","","PENDING","","",""
"907","366957376.wem","VOICE","","","PENDING","","",""
"908","86754495.wem","VOICE","","","PENDING","","",""
"909","433222527.wem","VOICE","","","PENDING","","",""
"910","449583122.wem","VOICE","","","PENDING","","",""
"911","2575341.wem","VOICE","","","PENDING","","",""
"912","92198627.wem","VOICE","","","PENDING","","",""
"913","473254968.wem","VOICE","","","PENDING","","",""
"914","777512750.wem","VOICE","","","PENDING","","",""
"915","107137317.wem","VOICE","","","PENDING","","",""
"916","486401047.wem","VOICE","","","PENDING","","",""
"917","800696960.wem","VOICE","","","PENDING","","",""
"918","930831490.wem","VOICE","","","PENDING","","",""
"919","969023310.wem","VOICE","","","PENDING","","",""
"920","405488693.wem","VOICE","","","PENDING","","",""
"921","295484415.wem","VOICE","","","PENDING","","",""
"922","757009109.wem","VOICE","","","PENDING","","",""
"923","375133198.wem","VOICE","","","PENDING","","",""
"924","70106595.wem","VOICE","","","PENDING","","",""
"925","27512562.wem","VOICE","","","PENDING","","",""
"926","567927241.wem","VOICE","","","PENDING","","",""
"927","258541100.wem","VOICE","","","PENDING","","",""
"928","990676790.wem","VOICE","","","PENDING","","",""
"929","900975517.wem","VOICE","","","PENDING","","",""
"930","700711985.wem","VOICE","","","PENDING","","",""
"931","1040216574.wem","VOICE","","","PENDING","","",""
"932","731194467.wem","VOICE","","","PENDING","","",""
"933","491564024.wem","VOICE","","","PENDING","","",""
"934","1050251054.wem","VOICE","","","PENDING","","",""
"935","917585991.wem","VOICE","","","PENDING","","",""
"936","25842541.wem","VOICE","","","PENDING","","",""
"937","329734131.wem","VOICE","","","PENDING","","",""
"938","561179109.wem","VOICE","","","PENDING","","",""
"939","872314379.wem","VOICE","","","PENDING","","",""
"940","503314529.wem","VOICE","","","PENDING","","",""
"941","393960277.wem","VOICE","","","PENDING","","",""
"942","583398930.wem","VOICE","","","PENDING","","",""
"943","465528367.wem","VOICE","","","PENDING","","",""
"944","181934843.wem","VOICE","","","PENDING","","",""
"945","187578096.wem","VOICE","","","PENDING","","",""
"946","234171837.wem","VOICE","","","PENDING","","",""
"947","452594030.wem","VOICE","","","PENDING","","",""
"948","624055360.wem","VOICE","","","PENDING","","",""
"949","253463471.wem","VOICE","","","PENDING","","",""
"950","1012365781.wem","VOICE","","","PENDING","","",""
"951","1069707836.wem","VOICE","","","PENDING","","",""
"952","505642874.wem","VOICE","","","PENDING","","",""
"953","285381545.wem","VOICE","","","PENDING","","",""
"954","418024896.wem","VOICE","","","PENDING","","",""
"955","294748920.wem","VOICE","","","PENDING","","",""
"956","750068795.wem","VOICE","","","PENDING","","",""
"957","126944838.wem","VOICE","","","PENDING","","",""
"958","729496704.wem","VOICE","","","PENDING","","",""
"959","327225481.wem","VOICE","","","PENDING","","",""
"960","920129876.wem","VOICE","","","PENDING","","",""
"961","683963940.wem","VOICE","","","PENDING","","",""
"962","39862244.wem","VOICE","","","PENDING","","",""
"963","1052655305.wem","VOICE","","","PENDING","","",""
"964","258432156.wem","VOICE","","","PENDING","","",""
"965","174921470.wem","VOICE","","","PENDING","","",""
"966","417027039.wem","VOICE","","","PENDING","","",""
"967","388419407.wem","VOICE","","","PENDING","","",""
"968","661007727.wem","VOICE","","","PENDING","","",""
"969","49679125.wem","VOICE","","","PENDING","","",""
"970","702379328.wem","VOICE","","","PENDING","","",""
"971","187117794.wem","VOICE","","","PENDING","","",""
"972","833202924.wem","VOICE","","","PENDING","","",""
"973","164557132.wem","VOICE","","","PENDING","","",""
"974","635651413.wem","VOICE","","","PENDING","","",""
"975","629168157.wem","VOICE","","","PENDING","","",""
"976","398622759.wem","VOICE","","","PENDING","","",""
"977","401770030.wem","VOICE","","","PENDING","","",""
"978","110723765.wem","VOICE","","","PENDING","","",""
"979","211866321.wem","VOICE","","","PENDING","","",""
"980","1004474760.wem","VOICE","","","PENDING","","",""
"981","755501008.wem","VOICE","","","PENDING","","",""
"982","252188113.wem","VOICE","","","PENDING","","",""
"983","736766333.wem","VOICE","","","PENDING","","",""
"984","56223722.wem","VOICE","","","PENDING","","",""
"985","609279557.wem","VOICE","","","PENDING","","",""
"986","736682789.wem","VOICE","","","PENDING","","",""
"987","816045425.wem","VOICE","","","PENDING","","",""
"988","310717457.wem","VOICE","","","PENDING","","",""
"989","662180586.wem","VOICE","","","PENDING","","",""
"990","868639152.wem","VOICE","","","PENDING","","",""
"991","896537203.wem","VOICE","","","PENDING","","",""
"992","334279646.wem","VOICE","","","PENDING","","",""
"993","553050431.wem","VOICE","","","PENDING","","",""
"994","6343934.wem","VOICE","","","PENDING","","",""
"995","246891663.wem","VOICE","","","PENDING","","",""
"996","530692136.wem","VOICE","","","PENDING","","",""
"997","258438692.wem","VOICE","","","PENDING","","",""
"998","471584944.wem","VOICE","","","PENDING","","",""
"999","1022616284.wem","VOICE","","","PENDING","","",""
"1000","738169013.wem","VOICE","","","PENDING","","",""
"1001","406532239.wem","VOICE","","","PENDING","","",""
"1002","623442379.wem","VOICE","","","PENDING","","",""
"1003","14441920.wem","VOICE","","","PENDING","","",""
"1004","583620332.wem","VOICE","","","PENDING","","",""
"1005","711877029.wem","VOICE","","","PENDING","","",""
"1006","130938459.wem","VOICE","","","PENDING","","",""
"1007","578507687.wem","VOICE","","","PENDING","","",""
"1008","21773969.wem","VOICE","","","PENDING","","",""
"1009","831866575.wem","VOICE","","","PENDING","","",""
"1010","145992104.wem","VOICE","","","PENDING","","",""
"1011","1037913307.wem","VOICE","","","PENDING","","",""
"1012","31508959.wem","VOICE","","","PENDING","","",""
"1013","640524664.wem","VOICE","","","PENDING","","",""
"1014","7390073.wem","VOICE","","","PENDING","","",""
"1015","226617786.wem","VOICE","","","PENDING","","",""
"1016","255875212.wem","VOICE","","","PENDING","","",""
"1017","260783562.wem","VOICE","","","PENDING","","",""
"1018","1067575506.wem","VOICE","","","PENDING","","",""
"1019","291892974.wem","VOICE","","","PENDING","","",""
"1020","431481085.wem","VOICE","","","PENDING","","",""
"1021","268592622.wem","VOICE","","","PENDING","","",""
"1022","525609901.wem","VOICE","","","PENDING","","",""
"1023","179329367.wem","VOICE","","","PENDING","","",""
"1024","672084372.wem","VOICE","","","PENDING","","",""
"1025","214125137.wem","VOICE","","","PENDING","","",""
"1026","775795699.wem","VOICE","","","PENDING","","",""
"1027","647714753.wem","VOICE","","","PENDING","","",""
"1028","643050642.wem","VOICE","","","PENDING","","",""
"1029","218774231.wem","VOICE","","","PENDING","","",""
"1030","506104412.wem","VOICE","","","PENDING","","",""
"1031","471755574.wem","VOICE","","","PENDING","","",""
"1032","780242106.wem","VOICE","","","PENDING","","",""
"1033","41098152.wem","VOICE","","","PENDING","","",""
"1034","68392483.wem","VOICE","","","PENDING","","",""
"1035","846685508.wem","VOICE","","","PENDING","","",""
"1036","429842192.wem","VOICE","","","PENDING","","",""
"1037","441080534.wem","VOICE","","","PENDING","","",""
"1038","991998568.wem","VOICE","","","PENDING","","",""
"1039","911543220.wem","VOICE","","","PENDING","","",""
"1040","99395565.wem","VOICE","","","PENDING","","",""
"1041","668525710.wem","VOICE","","","PENDING","","",""
"1042","351957581.wem","VOICE","","","PENDING","","",""
"1043","46999090.wem","VOICE","","","PENDING","","",""
"1044","33235221.wem","VOICE","","","PENDING","","",""
"1045","415572436.wem","VOICE","","","PENDING","","",""
"1046","139219960.wem","VOICE","","","PENDING","","",""
"1047","797426814.wem","VOICE","","","PENDING","","",""
"1048","27253652.wem","VOICE","","","PENDING","","",""
"1049","121985976.wem","VOICE","","","PENDING","","",""
"1050","486742604.wem","VOICE","","","PENDING","","",""
"1051","622869614.wem","VOICE","","","PENDING","","",""
"1052","2259156.wem","VOICE","","","PENDING","","",""
"1053","582033018.wem","VOICE","","","PENDING","","",""
"1054","383557193.wem","VOICE","","","PENDING","","",""
"1055","6141113.wem","VOICE","","","PENDING","","",""
"1056","771764595.wem","VOICE","","","PENDING","","",""
"1057","888850491.wem","VOICE","","","PENDING","","",""
"1058","802413119.wem","VOICE","","","PENDING","","",""
"1059","590295318.wem","VOICE","","","PENDING","","",""
"1060","458958901.wem","VOICE","","","PENDING","","",""
"1061","631551399.wem","VOICE","","","PENDING","","",""
"1062","371394614.wem","VOICE","","","PENDING","","",""
"1063","206085556.wem","VOICE","","","PENDING","","",""
"1064","644391300.wem","VOICE","","","PENDING","","",""
"1065","655167511.wem","VOICE","","","PENDING","","",""
"1066","858031971.wem","VOICE","","","PENDING","","",""
"1067","892162788.wem","VOICE","","","PENDING","","",""
"1068","884549210.wem","VOICE","","","PENDING","","",""
"1069","887480316.wem","VOICE","","","PENDING","","",""
"1070","234132063.wem","VOICE","","","PENDING","","",""
"1071","233438342.wem","VOICE","","","PENDING","","",""
"1072","472341349.wem","VOICE","","","PENDING","","",""
"1073","461795631.wem","VOICE","","","PENDING","","",""
"1074","941504960.wem","VOICE","","","PENDING","","",""
"1075","222555717.wem","VOICE","","","PENDING","","",""
"1076","1040911784.wem","VOICE","","","PENDING","","",""
"1077","763059289.wem","VOICE","","","PENDING","","",""
"1078","800692050.wem","VOICE","","","PENDING","","",""
"1079","789495999.wem","VOICE","","","PENDING","","",""
"1080","561621684.wem","VOICE","","","PENDING","","",""
"1081","79594765.wem","VOICE","","","PENDING","","",""
"1082","781774049.wem","VOICE","","","PENDING","","",""
"1083","106607126.wem","VOICE","","","PENDING","","",""
"1084","800015293.wem","VOICE","","","PENDING","","",""
"1085","980150240.wem","VOICE","","","PENDING","","",""
"1086","927057568.wem","VOICE","","","PENDING","","",""
"1087","723186224.wem","VOICE","","","PENDING","","",""
"1088","883984475.wem","VOICE","","","PENDING","","",""
"1089","87544570.wem","VOICE","","","PENDING","","",""
"1090","799928963.wem","VOICE","","","PENDING","","",""
"1091","451974591.wem","VOICE","","","PENDING","","",""
"1092","953956546.wem","VOICE","","","PENDING","","",""
"1093","795110502.wem","VOICE","","","PENDING","","",""
"1094","493670512.wem","VOICE","","","PENDING","","",""
"1095","939099692.wem","VOICE","","","PENDING","","",""
"1096","605166869.wem","VOICE","","","PENDING","","",""
"1097","67801274.wem","VOICE","","","PENDING","","",""
"1098","23415599.wem","VOICE","","","PENDING","","",""
"1099","286033145.wem","VOICE","","","PENDING","","",""
"1100","424842952.wem","VOICE","","","PENDING","","",""
"1101","1024605331.wem","VOICE","","","PENDING","","",""
"1102","324163942.wem","VOICE","","","PENDING","","",""
"1103","281326780.wem","VOICE","","","PENDING","","",""
"1104","242465059.wem","VOICE","","","PENDING","","",""
"1105","462415706.wem","VOICE","","","PENDING","","",""
"1106","382402011.wem","VOICE","","","PENDING","","",""
"1107","130398566.wem","VOICE","","","PENDING","","",""
"1108","874708357.wem","VOICE","","","PENDING","","",""
"1109","878170847.wem","VOICE","","","PENDING","","",""
"1110","278962303.wem","VOICE","","","PENDING","","",""
"1111","589104479.wem","VOICE","","","PENDING","","",""
"1112","686640077.wem","VOICE","","","PENDING","","",""
"1113","1011898081.wem","VOICE","","","PENDING","","",""
"1114","681167016.wem","VOICE","","","PENDING","","",""
"1115","449603267.wem","VOICE","","","PENDING","","",""
"1116","246609026.wem","VOICE","","","PENDING","","",""
"1117","749918491.wem","VOICE","","","PENDING","","",""
"1118","717250427.wem","VOICE","","","PENDING","","",""
"1119","431551151.wem","VOICE","","","PENDING","","",""
"1120","697193758.wem","VOICE","","","PENDING","","",""
"1121","482232445.wem","VOICE","","","PENDING","","",""
"1122","181960664.wem","VOICE","","","PENDING","","",""
"1123","111938917.wem","VOICE","","","PENDING","","",""
"1124","323982226.wem","VOICE","","","PENDING","","",""
"1125","626322069.wem","VOICE","","","PENDING","","",""
"1126","313851490.wem","VOICE","","","PENDING","","",""
"1127","1032112512.wem","VOICE","","","PENDING","","",""
"1128","676334691.wem","VOICE","","","PENDING","","",""
"1129","500049807.wem","VOICE","","","PENDING","","",""
"1130","591196620.wem","VOICE","","","PENDING","","",""
"1131","891536372.wem","VOICE","","","PENDING","","",""
"1132","353841134.wem","VOICE","","","PENDING","","",""
"1133","117431200.wem","VOICE","","","PENDING","","",""
"1134","324489994.wem","VOICE","","","PENDING","","",""
"1135","536154943.wem","VOICE","","","PENDING","","",""
"1136","227830401.wem","VOICE","","","PENDING","","",""
"1137","202264735.wem","VOICE","","","PENDING","","",""
"1138","468166270.wem","VOICE","","","PENDING","","",""
"1139","791924021.wem","VOICE","","","PENDING","","",""
"1140","185096493.wem","VOICE","","","PENDING","","",""
"1141","853338107.wem","VOICE","","","PENDING","","",""
"1142","285607759.wem","VOICE","","","PENDING","","",""
"1143","170699724.wem","VOICE","","","PENDING","","",""
"1144","316454681.wem","VOICE","","","PENDING","","",""
