"SoundID","SourceID","UFileID","StreamType","WEM"
"723520379","1011213518","1011213518","1","1011213518.wem"
"759177831","884549210","884549210","1","884549210.wem"
"166502767","572354245","572354245","1","572354245.wem"
"310623641","791924021","791924021","1","791924021.wem"
"599985710","110570427","110570427","1","110570427.wem"
"777064904","917369937","917369937","1","917369937.wem"
"35823951","85455385","85455385","1","85455385.wem"
"48322268","1050544152","1050544152","1","1050544152.wem"
"431125421","332168452","332168452","1","332168452.wem"
"526438744","853338107","853338107","1","853338107.wem"
"745767781","885837224","885837224","1","885837224.wem"
"2039034","219721614","219721614","1","219721614.wem"
"7886798","367584962","367584962","1","367584962.wem"
"101784772","65816721","65816721","1","65816721.wem"
"157758026","581175625","581175625","1","581175625.wem"
"194343234","296028953","296028953","1","296028953.wem"
"259208342","111938917","111938917","1","111938917.wem"
"290330782","278962303","278962303","1","278962303.wem"
"335574237","359395123","359395123","1","359395123.wem"
"398328077","258432156","258432156","1","258432156.wem"
"448285965","507868355","507868355","1","507868355.wem"
"469538621","187877902","187877902","1","187877902.wem"
"486790754","631551399","631551399","1","631551399.wem"
"607180145","452907922","452907922","1","452907922.wem"
"747922111","622869614","622869614","1","622869614.wem"
"964549398","941504960","941504960","1","941504960.wem"
"1039244062","396856693","396856693","1","396856693.wem"
"944743452","291892974","291892974","1","291892974.wem"
"356083530","170699724","170699724","1","170699724.wem"
"580027746","644391300","644391300","1","644391300.wem"
"991633241","227830401","227830401","1","227830401.wem"
"120945987","28397653","1417353184","0","28397653.wem"
"151279467","831866575","831866575","2","831866575.wem"
"321425575","305371706","305371706","2","305371706.wem"
"482154530","802166597","802166597","2","802166597.wem"
"608177259","704692640","704692640","2","704692640.wem"
"612492065","822386335","822386335","2","822386335.wem"
"665836850","324025043","324025043","2","324025043.wem"
"726780359","508384238","508384238","2","508384238.wem"
"765137024","1004298845","1004298845","2","1004298845.wem"
"924258737","434389044","434389044","2","434389044.wem"
"103998348","697193758","697193758","2","697193758.wem"
"162154101","237528681","237528681","2","237528681.wem"
"304380630","911543220","911543220","2","911543220.wem"
"355277542","697282788","697282788","2","697282788.wem"
"404670054","833742253","833742253","2","833742253.wem"
"606536846","117431200","117431200","2","117431200.wem"
"743133992","366831874","366831874","2","366831874.wem"
"763195930","833202924","833202924","2","833202924.wem"
"881382546","891536372","891536372","2","891536372.wem"
"946172433","846685508","846685508","2","846685508.wem"
"74105596","316454681","316454681","1","316454681.wem"
"56498920","302855129","302855129","1","302855129.wem"
"102529807","660666201","660666201","1","660666201.wem"
"442588376","623217668","623217668","1","623217668.wem"
"527051793","779278000","779278000","1","779278000.wem"
"646841222","186070293","186070293","1","186070293.wem"
"760731484","958740332","958740332","1","958740332.wem"
"95758901","647942636","647942636","2","647942636.wem"
"197630926","322706511","322706511","2","322706511.wem"
"312914597","448827065","448827065","2","448827065.wem"
"345183286","142501603","142501603","2","142501603.wem"
"375562660","718012839","718012839","2","718012839.wem"
"414892240","898001860","898001860","2","898001860.wem"
"419093624","755501008","755501008","2","755501008.wem"
"455447582","1012272758","1012272758","2","1012272758.wem"
"473532462","398622759","398622759","2","398622759.wem"
"516266276","723186224","723186224","2","723186224.wem"
"578589341","616565789","616565789","2","616565789.wem"
"599798216","874935267","874935267","2","874935267.wem"
"656534323","536154943","536154943","2","536154943.wem"
"684624635","458958901","458958901","2","458958901.wem"
"714851924","20696694","20696694","2","20696694.wem"
"806961882","461795631","461795631","2","461795631.wem"
"826777738","731848657","731848657","2","731848657.wem"
"857964692","920202335","920202335","2","920202335.wem"
"966148903","334746582","334746582","2","334746582.wem"
"1016798692","655167511","655167511","2","655167511.wem"
"1026165725","591196620","591196620","2","591196620.wem"
"1054576909","795110502","795110502","2","795110502.wem"
"741971888","468166270","468166270","1","468166270.wem"
"6644698","659204516","659204516","1","659204516.wem"
"41998588","706545110","706545110","1","706545110.wem"
"78479861","933920771","933920771","1","933920771.wem"
"103576971","262650098","262650098","1","262650098.wem"
"114240140","963567431","963567431","1","963567431.wem"
"121090276","516151388","516151388","1","516151388.wem"
"125136992","531151495","531151495","1","531151495.wem"
"131761106","158413004","158413004","1","158413004.wem"
"137229156","820152014","820152014","1","820152014.wem"
"146623261","639975831","639975831","1","639975831.wem"
"147162150","187117794","187117794","1","187117794.wem"
"166230512","843034458","843034458","1","843034458.wem"
"173918181","175393690","175393690","1","175393690.wem"
"174883767","214125137","214125137","1","214125137.wem"
"175202371","567927241","567927241","1","567927241.wem"
"185078017","581710097","581710097","1","581710097.wem"
"204055352","1059961648","1059961648","1","1059961648.wem"
"218754862","984367350","984367350","1","984367350.wem"
"222183788","335569914","335569914","1","335569914.wem"
"226939636","400137489","400137489","1","400137489.wem"
"251052523","226617786","226617786","1","226617786.wem"
"265300516","54151231","54151231","1","54151231.wem"
"288908823","677559673","677559673","1","677559673.wem"
"294086864","307942064","307942064","1","307942064.wem"
"301081133","372538656","372538656","1","372538656.wem"
"308534648","784706505","784706505","1","784706505.wem"
"308627977","248157971","248157971","1","248157971.wem"
"317464616","486401047","486401047","1","486401047.wem"
"326090636","176314973","176314973","1","176314973.wem"
"359274625","120369165","120369165","1","120369165.wem"
"361289234","490282974","490282974","1","490282974.wem"
"366670215","742914976","742914976","1","742914976.wem"
"368060615","438170191","438170191","1","438170191.wem"
"409221098","561015116","561015116","1","561015116.wem"
"444779312","815062021","815062021","1","815062021.wem"
"455134188","452233968","452233968","1","452233968.wem"
"456172947","929730082","929730082","1","929730082.wem"
"476802863","14441920","14441920","1","14441920.wem"
"479798742","813163035","813163035","1","813163035.wem"
"481013096","169992522","169992522","1","169992522.wem"
"483904343","374069543","374069543","1","374069543.wem"
"484374052","262509221","262509221","1","262509221.wem"
"484642107","338048439","338048439","1","338048439.wem"
"500794153","916594557","916594557","1","916594557.wem"
"503277845","739343470","739343470","1","739343470.wem"
"504326628","780869917","780869917","1","780869917.wem"
"519535934","111213177","111213177","1","111213177.wem"
"523817968","233546027","233546027","1","233546027.wem"
"548709061","835897267","835897267","1","835897267.wem"
"567810603","15806715","15806715","1","15806715.wem"
"600570182","583111496","583111496","1","583111496.wem"
"618976622","833910343","833910343","1","833910343.wem"
"640495257","1009114422","1009114422","1","1009114422.wem"
"661397901","824470248","824470248","1","824470248.wem"
"670825254","21967293","21967293","1","21967293.wem"
"706356691","86065016","86065016","1","86065016.wem"
"715412627","882396025","882396025","1","882396025.wem"
"724521334","1007923018","1007923018","1","1007923018.wem"
"750376927","478782204","478782204","1","478782204.wem"
"784775452","625985248","625985248","1","625985248.wem"
"794660535","222555717","222555717","1","222555717.wem"
"799155005","202756120","202756120","1","202756120.wem"
"816859556","868639152","868639152","1","868639152.wem"
"826360276","1019241950","1019241950","1","1019241950.wem"
"845948462","208695542","208695542","1","208695542.wem"
"866056494","252305306","252305306","1","252305306.wem"
"872518086","876561326","876561326","1","876561326.wem"
"922199512","300764624","300764624","1","300764624.wem"
"925360585","613385637","613385637","1","613385637.wem"
"980836785","867596762","867596762","1","867596762.wem"
"989650904","375133198","375133198","1","375133198.wem"
"996552317","757009109","757009109","1","757009109.wem"
"997226037","27039803","27039803","1","27039803.wem"
"1004268650","387708242","387708242","1","387708242.wem"
"1040766705","423576560","423576560","1","423576560.wem"
"1070363325","1042630073","1042630073","1","1042630073.wem"
"16605200","206607860","206607860","1","206607860.wem"
"45630369","122220929","122220929","1","122220929.wem"
"58534220","225139994","225139994","1","225139994.wem"
"60461893","920068327","920068327","1","920068327.wem"
"60666303","145992104","145992104","1","145992104.wem"
"90479594","774219807","774219807","1","774219807.wem"
"98560662","590295318","590295318","1","590295318.wem"
"111912769","1022616284","1022616284","1","1022616284.wem"
"119052737","24774449","24774449","1","24774449.wem"
"132908039","731303406","731303406","1","731303406.wem"
"134298352","500049807","500049807","1","500049807.wem"
"139652137","272772371","272772371","1","272772371.wem"
"162456240","920129876","920129876","1","920129876.wem"
"202923190","809202668","809202668","1","809202668.wem"
"203607454","698957989","698957989","1","698957989.wem"
"204338224","621923253","621923253","1","621923253.wem"
"205832806","238102054","238102054","1","238102054.wem"
"215032603","705917216","705917216","1","705917216.wem"
"219769053","282305378","282305378","1","282305378.wem"
"227351358","86148928","86148928","1","86148928.wem"
"252867102","1065946615","1065946615","1","1065946615.wem"
"265622055","927057568","927057568","1","927057568.wem"
"273972783","947703177","947703177","1","947703177.wem"
"275045697","149815371","149815371","1","149815371.wem"
"278513699","147747681","147747681","1","147747681.wem"
"282039142","718567021","718567021","1","718567021.wem"
"319863373","511031568","511031568","1","511031568.wem"
"322554093","116769263","116769263","1","116769263.wem"
"324062842","310717457","310717457","1","310717457.wem"
"328787228","808784971","808784971","1","808784971.wem"
"336151759","548631672","548631672","1","548631672.wem"
"345970100","730596321","730596321","1","730596321.wem"
"357816766","496373118","496373118","1","496373118.wem"
"360822654","930831490","930831490","1","930831490.wem"
"368332598","956882359","956882359","1","956882359.wem"
"385351221","336164338","336164338","1","336164338.wem"
"393884282","344561946","344561946","1","344561946.wem"
"400841042","765967550","765967550","1","765967550.wem"
"406602012","139313318","139313318","1","139313318.wem"
"408759120","561179109","561179109","1","561179109.wem"
"426516721","252188113","252188113","1","252188113.wem"
"437778220","927341555","927341555","1","927341555.wem"
"452741127","474969243","474969243","1","474969243.wem"
"461091907","583620332","583620332","1","583620332.wem"
"466078840","18903818","18903818","1","18903818.wem"
"498453443","233018484","233018484","1","233018484.wem"
"499737122","836114481","836114481","1","836114481.wem"
"507408678","285381545","285381545","1","285381545.wem"
"517308290","564389244","564389244","1","564389244.wem"
"531281062","36771323","36771323","1","36771323.wem"
"535882845","336643644","336643644","1","336643644.wem"
"536241889","429842192","429842192","1","429842192.wem"
"537527083","622342419","622342419","1","622342419.wem"
"543057014","103162336","103162336","1","103162336.wem"
"552113282","506104412","506104412","1","506104412.wem"
"574033701","494989785","494989785","1","494989785.wem"
"582855574","120459133","120459133","1","120459133.wem"
"587179493","609279557","609279557","1","609279557.wem"
"593318592","583113460","583113460","1","583113460.wem"
"601743846","936295321","936295321","1","936295321.wem"
"602191726","222265191","222265191","1","222265191.wem"
"606764739","182563901","182563901","1","182563901.wem"
"616613882","866356484","866356484","1","866356484.wem"
"641124123","736682789","736682789","1","736682789.wem"
"656397272","897931311","897931311","1","897931311.wem"
"658714248","21773969","21773969","1","21773969.wem"
"663829262","471755574","471755574","1","471755574.wem"
"674397616","136642407","136642407","1","136642407.wem"
"692689691","781960931","781960931","1","781960931.wem"
"698471899","149097461","149097461","1","149097461.wem"
"705392777","402148274","402148274","1","402148274.wem"
"706861923","104766979","104766979","1","104766979.wem"
"732053180","846936539","846936539","1","846936539.wem"
"761970447","382335453","382335453","1","382335453.wem"
"764403018","284086785","284086785","1","284086785.wem"
"775472182","493162889","493162889","1","493162889.wem"
"775939392","557983551","557983551","1","557983551.wem"
"786517469","287207942","287207942","1","287207942.wem"
"799488297","206247569","206247569","1","206247569.wem"
"823005612","840613763","840613763","1","840613763.wem"
"826275070","701213895","701213895","1","701213895.wem"
"855550521","840654523","840654523","1","840654523.wem"
"856251009","561127797","561127797","1","561127797.wem"
"860342797","148307580","148307580","1","148307580.wem"
"866051121","428355477","428355477","1","428355477.wem"
"878987137","846965701","846965701","1","846965701.wem"
"913829879","688599799","688599799","1","688599799.wem"
"933122973","268025381","268025381","1","268025381.wem"
"937276189","31944517","31944517","1","31944517.wem"
"937322468","904508579","904508579","1","904508579.wem"
"937387014","212177027","212177027","1","212177027.wem"
"953838108","867267413","867267413","1","867267413.wem"
"988653907","1056241236","1056241236","1","1056241236.wem"
"994383035","1011669277","1011669277","1","1011669277.wem"
"1036449577","2575341","2575341","1","2575341.wem"
"1043914911","488360730","488360730","1","488360730.wem"
"1044247113","589745889","589745889","1","589745889.wem"
"1044794715","895500184","895500184","1","895500184.wem"
"1055461642","798490929","798490929","1","798490929.wem"
"1065786895","966190588","966190588","1","966190588.wem"
"4765697","314504782","314504782","1","314504782.wem"
"9484002","323982226","323982226","1","323982226.wem"
"19154704","265251714","265251714","1","265251714.wem"
"36377255","996950021","996950021","1","996950021.wem"
"43161025","1071813657","1071813657","1","1071813657.wem"
"47293031","937859725","937859725","1","937859725.wem"
"52310359","816378630","816378630","1","816378630.wem"
"52315637","763581127","763581127","1","763581127.wem"
"65986410","908775499","908775499","1","908775499.wem"
"71242924","760561591","760561591","1","760561591.wem"
"77120452","394844575","394844575","1","394844575.wem"
"79167144","1050251054","1050251054","1","1050251054.wem"
"88238200","656128884","656128884","1","656128884.wem"
"92415574","231986273","231986273","1","231986273.wem"
"93680457","579883385","579883385","1","579883385.wem"
"97372912","25842541","25842541","1","25842541.wem"
"101371365","326337733","326337733","1","326337733.wem"
"119773558","688622186","688622186","1","688622186.wem"
"122595610","948839576","948839576","1","948839576.wem"
"131367935","34453711","34453711","1","34453711.wem"
"136840961","198440592","198440592","1","198440592.wem"
"160487523","781774049","781774049","1","781774049.wem"
"161295155","980150240","980150240","1","980150240.wem"
"171524185","821440897","821440897","1","821440897.wem"
"186317238","624055360","624055360","1","624055360.wem"
"192468081","580642956","580642956","1","580642956.wem"
"195301533","45850526","45850526","1","45850526.wem"
"202487759","777512750","777512750","1","777512750.wem"
"209026346","187578096","187578096","1","187578096.wem"
"209336428","227431214","227431214","1","227431214.wem"
"228287153","439818420","439818420","1","439818420.wem"
"233041791","366957376","366957376","1","366957376.wem"
"233234196","1001406991","1001406991","1","1001406991.wem"
"242094586","836242656","836242656","1","836242656.wem"
"243971661","676072795","676072795","1","676072795.wem"
"249691142","117772031","117772031","1","117772031.wem"
"250996898","140753050","140753050","1","140753050.wem"
"254486690","116629131","116629131","1","116629131.wem"
"259448703","974306733","974306733","1","974306733.wem"
"260067330","858928381","858928381","1","858928381.wem"
"267473630","194110632","194110632","1","194110632.wem"
"276726676","433222527","433222527","1","433222527.wem"
"279493910","1037913307","1037913307","1","1037913307.wem"
"288066945","1011669071","1011669071","1","1011669071.wem"
"290357438","553050431","553050431","1","553050431.wem"
"299714851","649348424","649348424","1","649348424.wem"
"302873959","175489343","175489343","1","175489343.wem"
"312791072","715263746","715263746","1","715263746.wem"
"339899159","886897021","886897021","1","886897021.wem"
"361914675","637882652","637882652","1","637882652.wem"
"368729190","816045425","816045425","1","816045425.wem"
"372020472","596877562","596877562","1","596877562.wem"
"376404055","14026281","14026281","1","14026281.wem"
"389568658","56223722","56223722","1","56223722.wem"
"400992865","785139564","785139564","1","785139564.wem"
"402600680","653461993","653461993","1","653461993.wem"
"403895934","672084372","672084372","1","672084372.wem"
"424540536","128616695","128616695","1","128616695.wem"
"428696480","842744467","842744467","1","842744467.wem"
"434908316","444357559","444357559","1","444357559.wem"
"437292393","365060074","365060074","1","365060074.wem"
"447670004","582033018","582033018","1","582033018.wem"
"457191611","720617396","720617396","1","720617396.wem"
"468665090","530692136","530692136","1","530692136.wem"
"488326372","475355609","475355609","1","475355609.wem"
"494982466","525609901","525609901","1","525609901.wem"
"500485454","11950871","11950871","1","11950871.wem"
"505152437","921173421","921173421","1","921173421.wem"
"505593832","271969660","271969660","1","271969660.wem"
"506509550","876947983","876947983","1","876947983.wem"
"520615931","268592622","268592622","1","268592622.wem"
"535164167","486742604","486742604","1","486742604.wem"
"535357353","471584944","471584944","1","471584944.wem"
"540085035","197543547","197543547","1","197543547.wem"
"542588538","629168157","629168157","1","629168157.wem"
"542662749","92198627","92198627","1","92198627.wem"
"544700237","1032112512","1032112512","1","1032112512.wem"
"547014407","1018531196","1018531196","1","1018531196.wem"
"549011666","975698895","975698895","1","975698895.wem"
"549533426","252257032","252257032","1","252257032.wem"
"550780876","1017305820","1017305820","1","1017305820.wem"
"553575192","182815024","182815024","1","182815024.wem"
"568474308","317399096","317399096","1","317399096.wem"
"594313523","162031974","162031974","1","162031974.wem"
"603152965","711877029","711877029","1","711877029.wem"
"618740437","688166578","688166578","1","688166578.wem"
"622845292","431430945","431430945","1","431430945.wem"
"629940060","470716356","470716356","1","470716356.wem"
"630516632","195325266","195325266","1","195325266.wem"
"630975810","150800374","150800374","1","150800374.wem"
"631835536","568173431","568173431","1","568173431.wem"
"633391133","151932880","151932880","1","151932880.wem"
"645383988","185250707","185250707","1","185250707.wem"
"656873678","734903317","734903317","1","734903317.wem"
"662727444","130214626","130214626","1","130214626.wem"
"668081205","1019216425","1019216425","1","1019216425.wem"
"678407609","465528367","465528367","1","465528367.wem"
"680002550","206319454","206319454","1","206319454.wem"
"688079221","336743785","336743785","1","336743785.wem"
"689469197","260783562","260783562","1","260783562.wem"
"699732404","661524582","661524582","1","661524582.wem"
"703163007","683963940","683963940","1","683963940.wem"
"721661854","958186655","958186655","1","958186655.wem"
"722094028","1008196753","1008196753","1","1008196753.wem"
"738574398","620639237","620639237","1","620639237.wem"
"740703839","760776751","760776751","1","760776751.wem"
"746756164","635651413","635651413","1","635651413.wem"
"751633344","607237120","607237120","1","607237120.wem"
"751659437","1001401885","1001401885","1","1001401885.wem"
"753255660","201252940","201252940","1","201252940.wem"
"776675658","161300527","161300527","1","161300527.wem"
"777605706","86754495","86754495","1","86754495.wem"
"790485450","18029859","18029859","1","18029859.wem"
"796738641","460416727","460416727","1","460416727.wem"
"804684178","157528075","157528075","1","157528075.wem"
"814721112","609473232","609473232","1","609473232.wem"
"820342832","589192513","589192513","1","589192513.wem"
"829265289","860778881","860778881","1","860778881.wem"
"835605372","631317220","631317220","1","631317220.wem"
"837089455","1016239674","1016239674","1","1016239674.wem"
"849567082","530181021","530181021","1","530181021.wem"
"856388464","291791478","291791478","1","291791478.wem"
"859770189","687952756","687952756","1","687952756.wem"
"865832192","198261962","198261962","1","198261962.wem"
"871319121","929989629","929989629","1","929989629.wem"
"873603613","408545271","408545271","1","408545271.wem"
"876698212","6407439","6407439","1","6407439.wem"
"884934728","896537203","896537203","1","896537203.wem"
"889527213","991998568","991998568","1","991998568.wem"
"898136896","264318605","264318605","1","264318605.wem"
"899810283","219180708","219180708","1","219180708.wem"
"906044685","287735083","287735083","1","287735083.wem"
"906225843","345019061","345019061","1","345019061.wem"
"910998466","406532239","406532239","1","406532239.wem"
"927939045","403731769","403731769","1","403731769.wem"
"931664761","374071736","374071736","1","374071736.wem"
"934822653","695226232","695226232","1","695226232.wem"
"945672588","233358959","233358959","1","233358959.wem"
"947622528","401770030","401770030","1","401770030.wem"
"950532402","892193187","892193187","1","892193187.wem"
"952119059","192113431","192113431","1","192113431.wem"
"974378803","33235221","33235221","1","33235221.wem"
"978995997","491564024","491564024","1","491564024.wem"
"989937905","410333338","410333338","1","410333338.wem"
"998338293","324489994","324489994","1","324489994.wem"
"1011153408","431294283","431294283","1","431294283.wem"
"1022786016","164557132","164557132","1","164557132.wem"
"1033692510","754082385","754082385","1","754082385.wem"
"1036006087","1002909437","1002909437","1","1002909437.wem"
"1038669707","141791397","141791397","1","141791397.wem"
"1045310339","361924852","361924852","1","361924852.wem"
"1051400346","800696960","800696960","1","800696960.wem"
"15049488","990261344","990261344","1","990261344.wem"
"15654722","16292482","16292482","1","16292482.wem"
"18983951","162811341","162811341","1","162811341.wem"
"19105489","1013619871","1013619871","1","1013619871.wem"
"21268001","417658502","417658502","1","417658502.wem"
"24704316","342371862","342371862","1","342371862.wem"
"29932884","327225481","327225481","1","327225481.wem"
"30214720","359231875","359231875","1","359231875.wem"
"31196658","430086978","430086978","1","430086978.wem"
"32540565","566110703","566110703","1","566110703.wem"
"33653772","474078733","474078733","1","474078733.wem"
"36662291","376568401","376568401","1","376568401.wem"
"38117020","503484683","503484683","1","503484683.wem"
"44257957","892162788","892162788","1","892162788.wem"
"45306426","662180586","662180586","1","662180586.wem"
"47130983","15140111","15140111","1","15140111.wem"
"51216869","359297207","359297207","1","359297207.wem"
"55143284","264889363","264889363","1","264889363.wem"
"55960903","150380784","150380784","1","150380784.wem"
"63874210","483044510","483044510","1","483044510.wem"
"65821097","637936669","637936669","1","637936669.wem"
"67889318","537768246","537768246","1","537768246.wem"
"69177987","146493191","146493191","1","146493191.wem"
"74671635","6141113","6141113","1","6141113.wem"
"84044586","258541100","258541100","1","258541100.wem"
"85228790","201897175","201897175","1","201897175.wem"
"90621619","739612169","739612169","1","739612169.wem"
"100816364","952069668","952069668","1","952069668.wem"
"102423799","753289531","753289531","1","753289531.wem"
"106524914","780242106","780242106","1","780242106.wem"
"111956764","292303274","292303274","1","292303274.wem"
"115093971","1010472104","1010472104","1","1010472104.wem"
"120599715","16526771","16526771","1","16526771.wem"
"120729097","556011718","556011718","1","556011718.wem"
"123309391","1067575506","1067575506","1","1067575506.wem"
"123592416","1994541","1994541","1","1994541.wem"
"124356807","1051914724","1051914724","1","1051914724.wem"
"133451766","560912128","560912128","1","560912128.wem"
"134396432","766329512","766329512","1","766329512.wem"
"136052919","68392483","68392483","1","68392483.wem"
"137005077","903710341","903710341","1","903710341.wem"
"140126900","218049326","218049326","1","218049326.wem"
"147618033","28006126","28006126","1","28006126.wem"
"150813176","441636163","441636163","1","441636163.wem"
"161155323","842102351","842102351","1","842102351.wem"
"163880291","744639936","744639936","1","744639936.wem"
"166004695","895007152","895007152","1","895007152.wem"
"173681444","505642874","505642874","1","505642874.wem"
"174490978","25982441","25982441","1","25982441.wem"
"176181447","166581581","166581581","1","166581581.wem"
"181653012","67801274","67801274","1","67801274.wem"
"188229006","731194467","731194467","1","731194467.wem"
"190592017","206085556","206085556","1","206085556.wem"
"190956361","485350741","485350741","1","485350741.wem"
"203302226","239395106","239395106","1","239395106.wem"
"207984255","884690055","884690055","1","884690055.wem"
"210303117","790152374","790152374","1","790152374.wem"
"212615185","596333364","596333364","1","596333364.wem"
"215231176","493722911","493722911","1","493722911.wem"
"227785352","520292044","520292044","1","520292044.wem"
"228178172","270299190","270299190","1","270299190.wem"
"229232438","900193839","900193839","1","900193839.wem"
"235759430","215314467","215314467","1","215314467.wem"
"257354705","442044236","442044236","1","442044236.wem"
"267389728","86008251","86008251","1","86008251.wem"
"275966564","72599138","72599138","1","72599138.wem"
"281566792","738169013","738169013","1","738169013.wem"
"285184092","482232445","482232445","1","482232445.wem"
"290187465","443826166","443826166","1","443826166.wem"
"294611282","796883833","796883833","1","796883833.wem"
"299824260","763059289","763059289","1","763059289.wem"
"300085535","470175939","470175939","1","470175939.wem"
"305520658","669126361","669126361","1","669126361.wem"
"308496167","534780668","534780668","1","534780668.wem"
"310592170","145401243","145401243","1","145401243.wem"
"311465505","1069557766","1069557766","1","1069557766.wem"
"312438050","1064404150","1064404150","1","1064404150.wem"
"319902802","62506718","62506718","1","62506718.wem"
"321032045","927048682","927048682","1","927048682.wem"
"325472263","779318320","779318320","1","779318320.wem"
"328041633","871207888","871207888","1","871207888.wem"
"328793783","7390073","7390073","1","7390073.wem"
"330774367","465962432","465962432","1","465962432.wem"
"333446864","1019777163","1019777163","1","1019777163.wem"
"334999623","939099692","939099692","1","939099692.wem"
"343124650","49679125","49679125","1","49679125.wem"
"344839582","223275476","223275476","1","223275476.wem"
"351760058","770080605","770080605","1","770080605.wem"
"356182496","419074368","419074368","1","419074368.wem"
"358834867","546071994","546071994","1","546071994.wem"
"359396336","652307045","652307045","1","652307045.wem"
"366616315","212234175","212234175","1","212234175.wem"
"367392272","192487085","192487085","1","192487085.wem"
"370474630","874708357","874708357","1","874708357.wem"
"383581433","472341349","472341349","1","472341349.wem"
"383659468","545435231","545435231","1","545435231.wem"
"385559637","959761289","959761289","1","959761289.wem"
"386646869","366751104","366751104","1","366751104.wem"
"400468789","216677552","216677552","1","216677552.wem"
"402319831","174011257","174011257","1","174011257.wem"
"409383760","933900365","933900365","1","933900365.wem"
"410299001","596342624","596342624","1","596342624.wem"
"415584878","990676790","990676790","1","990676790.wem"
"418517734","1030164003","1030164003","1","1030164003.wem"
"418772344","299604590","299604590","1","299604590.wem"
"427451876","79594765","79594765","1","79594765.wem"
"428424277","192194498","192194498","1","192194498.wem"
"431685059","778813174","778813174","1","778813174.wem"
"435229911","290922556","290922556","1","290922556.wem"
"438158632","829944393","829944393","1","829944393.wem"
"438729264","743470628","743470628","1","743470628.wem"
"441938970","411497555","411497555","1","411497555.wem"
"443673002","139219960","139219960","1","139219960.wem"
"444092858","836270660","836270660","1","836270660.wem"
"446225257","841131934","841131934","1","841131934.wem"
"455996795","812339299","812339299","1","812339299.wem"
"457127826","680844896","680844896","1","680844896.wem"
"457857934","785886237","785886237","1","785886237.wem"
"467599100","529421949","529421949","1","529421949.wem"
"472137787","150649308","150649308","1","150649308.wem"
"472143845","788169647","788169647","1","788169647.wem"
"483890624","578507687","578507687","1","578507687.wem"
"484649340","820023170","820023170","1","820023170.wem"
"487883303","452594030","452594030","1","452594030.wem"
"499257815","144853272","144853272","1","144853272.wem"
"503527469","51534216","51534216","1","51534216.wem"
"504544031","589104479","589104479","1","589104479.wem"
"506622031","529048438","529048438","1","529048438.wem"
"508888825","367107921","367107921","1","367107921.wem"
"517401414","918364560","918364560","1","918364560.wem"
"535994196","294748920","294748920","1","294748920.wem"
"543135872","228038233","228038233","1","228038233.wem"
"548914766","441969863","441969863","1","441969863.wem"
"555258558","729496704","729496704","1","729496704.wem"
"556568230","934459535","934459535","1","934459535.wem"
"577786982","348670091","348670091","1","348670091.wem"
"580776382","551136483","551136483","1","551136483.wem"
"582915972","911282662","911282662","1","911282662.wem"
"585458173","608686206","608686206","1","608686206.wem"
"585637965","87544570","87544570","1","87544570.wem"
"588579003","330995421","330995421","1","330995421.wem"
"589155701","702374114","702374114","1","702374114.wem"
"596261299","75859786","75859786","1","75859786.wem"
"597156993","184517543","184517543","1","184517543.wem"
"599410777","548195936","548195936","1","548195936.wem"
"611347293","63485174","63485174","1","63485174.wem"
"616079477","801833393","801833393","1","801833393.wem"
"621757154","230796911","230796911","1","230796911.wem"
"625381198","724317941","724317941","1","724317941.wem"
"629611683","244321865","244321865","1","244321865.wem"
"631440037","1004466769","1004466769","1","1004466769.wem"
"632188632","450167022","450167022","1","450167022.wem"
"640411401","106607126","106607126","1","106607126.wem"
"642708577","968419079","968419079","1","968419079.wem"
"659695047","122381597","122381597","1","122381597.wem"
"669634303","1015064643","1015064643","1","1015064643.wem"
"674005654","223793026","223793026","1","223793026.wem"
"677491422","983217710","983217710","1","983217710.wem"
"680405612","994952825","994952825","1","994952825.wem"
"686853706","93325588","93325588","1","93325588.wem"
"687869472","885929473","885929473","1","885929473.wem"
"690018032","257763145","257763145","1","257763145.wem"
"690193247","167945959","167945959","1","167945959.wem"
"690889424","272603742","272603742","1","272603742.wem"
"693061900","914637809","914637809","1","914637809.wem"
"693240372","509150225","509150225","1","509150225.wem"
"696179535","200272434","200272434","1","200272434.wem"
"698875425","843549300","843549300","1","843549300.wem"
"701034815","511045932","511045932","1","511045932.wem"
"706504963","503314529","503314529","1","503314529.wem"
"708761017","92791440","92791440","1","92791440.wem"
"709171732","14140737","14140737","1","14140737.wem"
"709903674","980652201","980652201","1","980652201.wem"
"721041892","724830889","724830889","1","724830889.wem"
"724083785","329734131","329734131","1","329734131.wem"
"724606175","38505124","38505124","1","38505124.wem"
"727964422","388419407","388419407","1","388419407.wem"
"739675176","1042118390","1042118390","1","1042118390.wem"
"740559103","210412192","210412192","1","210412192.wem"
"742844861","465789938","465789938","1","465789938.wem"
"744084639","410655110","410655110","1","410655110.wem"
"753586251","495764015","495764015","1","495764015.wem"
"753669514","953956546","953956546","1","953956546.wem"
"754436826","451974591","451974591","1","451974591.wem"
"758146636","131593931","131593931","1","131593931.wem"
"759985361","829903043","829903043","1","829903043.wem"
"763685314","939132931","939132931","1","939132931.wem"
"765662550","253463471","253463471","1","253463471.wem"
"767659049","194330409","194330409","1","194330409.wem"
"769066881","577440984","577440984","1","577440984.wem"
"771031349","334279646","334279646","1","334279646.wem"
"771212542","916026085","916026085","1","916026085.wem"
"771562498","1035824601","1035824601","1","1035824601.wem"
"774990946","888850491","888850491","1","888850491.wem"
"780178376","610558789","610558789","1","610558789.wem"
"780746062","393759497","393759497","1","393759497.wem"
"786932822","167560200","167560200","1","167560200.wem"
"792647131","970479669","970479669","1","970479669.wem"
"796301526","143438724","143438724","1","143438724.wem"
"796702502","293295906","293295906","1","293295906.wem"
"804677276","916018735","916018735","1","916018735.wem"
"811602040","496330691","496330691","1","496330691.wem"
"820328157","883334655","883334655","1","883334655.wem"
"821837423","948823182","948823182","1","948823182.wem"
"824028212","736766333","736766333","1","736766333.wem"
"828913332","627610828","627610828","1","627610828.wem"
"832648642","528120439","528120439","1","528120439.wem"
"834911872","929772598","929772598","1","929772598.wem"
"838233963","255875212","255875212","1","255875212.wem"
"839344046","11743198","11743198","1","11743198.wem"
"841810925","50572807","50572807","1","50572807.wem"
"845078982","887480316","887480316","1","887480316.wem"
"846913607","147824665","147824665","1","147824665.wem"
"850004010","892968061","892968061","1","892968061.wem"
"854189880","376272801","376272801","1","376272801.wem"
"856573065","1016042812","1016042812","1","1016042812.wem"
"860883835","664929149","664929149","1","664929149.wem"
"860983115","219835625","219835625","1","219835625.wem"
"877746291","578164637","578164637","1","578164637.wem"
"877794139","145630016","145630016","1","145630016.wem"
"884086011","522342351","522342351","1","522342351.wem"
"889592965","1052655305","1052655305","1","1052655305.wem"
"890447449","273701221","273701221","1","273701221.wem"
"890943570","1019119805","1019119805","1","1019119805.wem"
"898427731","371295396","371295396","1","371295396.wem"
"898767914","159781536","159781536","1","159781536.wem"
"909925224","536079640","536079640","1","536079640.wem"
"917725707","1063061087","1063061087","1","1063061087.wem"
"918204479","858031971","858031971","1","858031971.wem"
"927272582","508042368","508042368","1","508042368.wem"
"927406529","941899465","941899465","1","941899465.wem"
"931891325","776520249","776520249","1","776520249.wem"
"933649772","168165222","168165222","1","168165222.wem"
"942563278","185799516","185799516","1","185799516.wem"
"956460793","538302831","538302831","1","538302831.wem"
"957598446","234132063","234132063","1","234132063.wem"
"958361494","939038798","939038798","1","939038798.wem"
"960300668","85694433","85694433","1","85694433.wem"
"963372051","598109044","598109044","1","598109044.wem"
"963425142","295402180","295402180","1","295402180.wem"
"969396184","117726891","117726891","1","117726891.wem"
"970840363","31296218","31296218","1","31296218.wem"
"977406015","286756205","286756205","1","286756205.wem"
"985621077","492451819","492451819","1","492451819.wem"
"985886388","234171837","234171837","1","234171837.wem"
"991705527","463698316","463698316","1","463698316.wem"
"995042558","23415599","23415599","1","23415599.wem"
"996156026","1006709767","1006709767","1","1006709767.wem"
"999342135","864907048","864907048","1","864907048.wem"
"1008324200","946187242","946187242","1","946187242.wem"
"1008459272","297588063","297588063","1","297588063.wem"
"1011106676","566090492","566090492","1","566090492.wem"
"1031940873","2259156","2259156","1","2259156.wem"
"1032607273","195537923","195537923","1","195537923.wem"
"1034151084","670881469","670881469","1","670881469.wem"
"1042806552","357489160","357489160","1","357489160.wem"
"1052199791","130938459","130938459","1","130938459.wem"
"1060364789","753076740","753076740","1","753076740.wem"
"1066162635","786785770","786785770","1","786785770.wem"
"1067778833","749918491","749918491","1","749918491.wem"
"397778134","987869067","987869067","1","987869067.wem"
"655446178","583398930","583398930","1","583398930.wem"
"14243670","121985976","121985976","1","121985976.wem"
"163495378","702029865","702029865","1","702029865.wem"
"212466701","1063776406","1063776406","2","1063776406.wem"
"230611780","717250427","717250427","2","717250427.wem"
"255016466","623153603","623153603","2","623153603.wem"
"288129100","382402011","382402011","2","382402011.wem"
"290113082","528151165","528151165","1","528151165.wem"
"292070745","619268756","619268756","1","619268756.wem"
"320174968","140429898","140429898","2","140429898.wem"
"320619238","449603267","449603267","2","449603267.wem"
"331902469","410268385","410268385","2","410268385.wem"
"334158153","897844617","897844617","1","897844617.wem"
"363139508","315025654","315025654","1","315025654.wem"
"402736572","431551151","431551151","2","431551151.wem"
"427730419","38372339","38372339","2","38372339.wem"
"438634294","823705667","823705667","2","823705667.wem"
"529382662","850488335","850488335","1","850488335.wem"
"559388924","185096493","185096493","2","185096493.wem"
"572541343","632520951","632520951","2","632520951.wem"
"587941775","371394614","371394614","2","371394614.wem"
"594238290","676334691","676334691","1","676334691.wem"
"616214252","658700189","658700189","1","658700189.wem"
"624386789","781584840","781584840","2","781584840.wem"
"644460074","286033145","286033145","1","286033145.wem"
"653275365","606607172","606607172","1","606607172.wem"
"729392113","285607759","285607759","2","285607759.wem"
"755573998","401643321","401643321","2","401643321.wem"
"892003083","431481085","431481085","2","431481085.wem"
"907096513","337206063","337206063","2","337206063.wem"
"968952862","836859547","836859547","2","836859547.wem"
"973211308","123995673","123995673","2","123995673.wem"
"976653760","429713486","429713486","2","429713486.wem"
"1013517402","353841134","353841134","2","353841134.wem"
"1022236815","240912965","240912965","2","240912965.wem"
"1044185358","213762010","213762010","1","213762010.wem"
"12453192","873145965","873145965","1","873145965.wem"
"17627223","959203466","959203466","1","959203466.wem"
"32791407","597854950","597854950","1","597854950.wem"
"37112038","531535501","531535501","1","531535501.wem"
"37581679","354668928","354668928","1","354668928.wem"
"37611876","757292548","757292548","1","757292548.wem"
"56078658","726089987","726089987","1","726089987.wem"
"83948682","861286715","861286715","1","861286715.wem"
"85066016","979556710","979556710","1","979556710.wem"
"101334184","481209477","481209477","1","481209477.wem"
"107351660","854499199","854499199","1","854499199.wem"
"107855291","753629622","753629622","1","753629622.wem"
"108396381","383786923","383786923","1","383786923.wem"
"116588105","731766908","731766908","1","731766908.wem"
"131341758","974657530","974657530","1","974657530.wem"
"133404495","272253548","272253548","1","272253548.wem"
"148698207","82613959","82613959","1","82613959.wem"
"159629790","232476450","232476450","1","232476450.wem"
"206341526","270191836","270191836","1","270191836.wem"
"215231180","1013214237","1013214237","1","1013214237.wem"
"219574840","467069342","467069342","1","467069342.wem"
"221598300","38727352","38727352","1","38727352.wem"
"223366276","920301962","920301962","1","920301962.wem"
"224432125","633207798","633207798","1","633207798.wem"
"224444927","1037817702","1037817702","1","1037817702.wem"
"227273400","751737961","751737961","1","751737961.wem"
"228242865","691097811","691097811","1","691097811.wem"
"228743787","546302932","546302932","1","546302932.wem"
"234542029","561621684","561621684","1","561621684.wem"
"234654256","529146015","529146015","1","529146015.wem"
"237258036","588927754","588927754","1","588927754.wem"
"260348761","530969235","530969235","1","530969235.wem"
"274034040","432000320","432000320","1","432000320.wem"
"295645005","970401893","970401893","1","970401893.wem"
"313378650","540348542","540348542","1","540348542.wem"
"322786594","176239191","176239191","1","176239191.wem"
"323299304","4880661","4880661","1","4880661.wem"
"324817258","360887369","360887369","1","360887369.wem"
"329135068","374410794","374410794","1","374410794.wem"
"347645342","785330184","785330184","1","785330184.wem"
"378904448","818539637","818539637","1","818539637.wem"
"381803477","9381084","9381084","1","9381084.wem"
"382078430","352352022","352352022","1","352352022.wem"
"388109555","258438692","258438692","1","258438692.wem"
"404290145","1031659901","1031659901","1","1031659901.wem"
"412158337","653141414","653141414","1","653141414.wem"
"433476590","400720740","400720740","1","400720740.wem"
"434980305","834123639","834123639","1","834123639.wem"
"458512398","880656504","880656504","1","880656504.wem"
"465974968","680130212","0","0","680130212.wem"
"466551888","888043717","888043717","1","888043717.wem"
"475186527","89315413","89315413","1","89315413.wem"
"477459611","793668433","793668433","1","793668433.wem"
"479443232","938294348","938294348","1","938294348.wem"
"490656433","1002356841","1002356841","1","1002356841.wem"
"511851592","766154379","766154379","1","766154379.wem"
"513049966","224466364","224466364","1","224466364.wem"
"518173738","157581541","157581541","1","157581541.wem"
"520728322","28899013","28899013","1","28899013.wem"
"524842254","393504504","393504504","1","393504504.wem"
"525553767","518039797","518039797","1","518039797.wem"
"529062363","938191861","938191861","1","938191861.wem"
"532225781","809326529","809326529","1","809326529.wem"
"542135117","857517261","857517261","1","857517261.wem"
"549028734","919374362","919374362","1","919374362.wem"
"554229384","887694664","887694664","1","887694664.wem"
"561852758","72740112","72740112","1","72740112.wem"
"597533131","89428262","89428262","1","89428262.wem"
"609326816","585691051","585691051","1","585691051.wem"
"611472339","415978962","415978962","1","415978962.wem"
"646389710","1046566922","1046566922","1","1046566922.wem"
"648285456","174921470","174921470","1","174921470.wem"
"649253422","579137320","579137320","1","579137320.wem"
"657569881","722311450","722311450","1","722311450.wem"
"666030736","752327521","752327521","1","752327521.wem"
"686784668","43709616","43709616","1","43709616.wem"
"704257682","348578007","348578007","1","348578007.wem"
"704516752","755475297","755475297","1","755475297.wem"
"705239761","298554319","298554319","1","298554319.wem"
"713689065","872314379","872314379","1","872314379.wem"
"716468314","672970291","672970291","1","672970291.wem"
"724719174","70532753","70532753","1","70532753.wem"
"737904414","677993324","677993324","1","677993324.wem"
"743518314","8118526","8118526","1","8118526.wem"
"757938650","898503064","898503064","1","898503064.wem"
"762419982","995532982","995532982","1","995532982.wem"
"763878045","412020070","412020070","1","412020070.wem"
"770527150","849736638","849736638","1","849736638.wem"
"777852873","28391928","28391928","1","28391928.wem"
"783563524","866425644","866425644","1","866425644.wem"
"792154728","486413675","486413675","1","486413675.wem"
"823356542","80944288","80944288","1","80944288.wem"
"826545595","1002118069","1002118069","1","1002118069.wem"
"850522474","67891682","67891682","1","67891682.wem"
"852959444","483424404","483424404","1","483424404.wem"
"853821731","781907701","781907701","1","781907701.wem"
"867965916","506775474","506775474","1","506775474.wem"
"869813336","197738680","197738680","1","197738680.wem"
"871927467","820757872","820757872","1","820757872.wem"
"888018491","679458430","679458430","1","679458430.wem"
"888097612","503584387","503584387","1","503584387.wem"
"889058608","853491826","853491826","1","853491826.wem"
"891988437","163370250","163370250","1","163370250.wem"
"892165785","415979427","415979427","1","415979427.wem"
"893424268","48753438","48753438","1","48753438.wem"
"896352145","55510424","55510424","1","55510424.wem"
"905264037","439812956","439812956","1","439812956.wem"
"912008692","994924645","994924645","1","994924645.wem"
"916679059","315933206","315933206","1","315933206.wem"
"925568882","211532930","211532930","1","211532930.wem"
"948694398","988715288","988715288","1","988715288.wem"
"969603388","508418172","508418172","1","508418172.wem"
"971357107","1054119434","1054119434","1","1054119434.wem"
"977355748","344423814","344423814","1","344423814.wem"
"986718980","439964722","439964722","1","439964722.wem"
"989741814","409047569","409047569","1","409047569.wem"
"996095719","352232437","352232437","1","352232437.wem"
"1014926060","627935293","627935293","1","627935293.wem"
"1020402028","1059620240","1059620240","1","1059620240.wem"
"1029609207","560660796","560660796","1","560660796.wem"
"1032978047","273544445","273544445","1","273544445.wem"
"1038513762","877143853","877143853","1","877143853.wem"
"1048289151","441093314","441093314","1","441093314.wem"
"1056169457","805585905","805585905","1","805585905.wem"
"1062181540","578006395","578006395","1","578006395.wem"
"1070849108","630526577","630526577","1","630526577.wem"
"1071549018","192763684","192763684","1","192763684.wem"
"56891956","3425580","3425580","2","3425580.wem"
"126814530","323532677","323532677","2","323532677.wem"
"252320662","415162792","415162792","2","415162792.wem"
"285906802","712654566","712654566","2","712654566.wem"
"289373360","157056275","157056275","2","157056275.wem"
"291864555","272200703","272200703","2","272200703.wem"
"296170507","514246346","514246346","2","514246346.wem"
"296248025","547039271","547039271","2","547039271.wem"
"334086011","713057920","713057920","2","713057920.wem"
"470353110","385288379","385288379","2","385288379.wem"
"477168486","313851490","313851490","2","313851490.wem"
"478875062","130398566","130398566","2","130398566.wem"
"571505455","250104555","250104555","2","250104555.wem"
"604785067","272522425","272522425","2","272522425.wem"
"616264213","253212335","253212335","2","253212335.wem"
"637038126","201433572","201433572","2","201433572.wem"
"684649077","969023310","969023310","2","969023310.wem"
"690981904","233438342","233438342","2","233438342.wem"
"691603999","295197945","295197945","2","295197945.wem"
"749071007","575396518","575396518","2","575396518.wem"
"755064832","346829381","346829381","2","346829381.wem"
"786547529","202264735","202264735","2","202264735.wem"
"807673703","246609026","246609026","2","246609026.wem"
"866886943","739960959","739960959","2","739960959.wem"
"870012059","105106109","105106109","2","105106109.wem"
"960943702","846917398","846917398","2","846917398.wem"
"1006466372","626322069","626322069","2","626322069.wem"
"1046109848","860084154","860084154","2","860084154.wem"
"115584472","253103376","253103376","2","253103376.wem"
"220297861","441080534","441080534","2","441080534.wem"
"270720598","558462656","558462656","2","558462656.wem"
"380563849","585322642","585322642","2","585322642.wem"
"634330574","115875410","115875410","2","115875410.wem"
"681370881","1040911784","1040911784","2","1040911784.wem"
"689180251","110723765","110723765","2","110723765.wem"
"755606733","159921588","159921588","2","159921588.wem"
"802781260","276506526","276506526","2","276506526.wem"
"858630126","289836723","289836723","2","289836723.wem"
"910173754","99395565","99395565","2","99395565.wem"
"1006185381","136987909","136987909","2","136987909.wem"
"6922791","661007727","661007727","1","661007727.wem"
"9002135","772188202","772188202","1","772188202.wem"
"17658365","900975517","900975517","1","900975517.wem"
"18157117","664790396","664790396","1","664790396.wem"
"19140578","417027039","417027039","1","417027039.wem"
"25112106","405488693","405488693","1","405488693.wem"
"27463364","288149885","288149885","1","288149885.wem"
"31699722","301281303","301281303","1","301281303.wem"
"33190956","504253636","504253636","1","504253636.wem"
"47553081","651223136","651223136","1","651223136.wem"
"72321886","102436360","102436360","1","102436360.wem"
"76171633","770219451","770219451","1","770219451.wem"
"82706509","295484415","295484415","1","295484415.wem"
"91419247","608002897","608002897","1","608002897.wem"
"92536726","792588876","792588876","1","792588876.wem"
"105363513","788630374","788630374","1","788630374.wem"
"109526083","303752298","303752298","1","303752298.wem"
"125314462","481015795","481015795","1","481015795.wem"
"127612013","586977885","586977885","1","586977885.wem"
"157811843","451636995","451636995","1","451636995.wem"
"163143708","618025199","618025199","1","618025199.wem"
"166780425","597905619","597905619","1","597905619.wem"
"166973140","634150988","634150988","1","634150988.wem"
"167701185","892470400","892470400","1","892470400.wem"
"173613983","404788835","404788835","1","404788835.wem"
"186431793","1039444031","1039444031","1","1039444031.wem"
"199791706","299312186","299312186","1","299312186.wem"
"203574859","179329367","179329367","1","179329367.wem"
"210575676","565565952","565565952","1","565565952.wem"
"213205006","27985417","27985417","1","27985417.wem"
"244633615","105622278","105622278","1","105622278.wem"
"249236073","30052689","30052689","1","30052689.wem"
"252713663","321690469","321690469","1","321690469.wem"
"255545802","127357609","127357609","1","127357609.wem"
"258452105","764618888","764618888","1","764618888.wem"
"275604950","755540062","755540062","1","755540062.wem"
"284285436","620304233","620304233","1","620304233.wem"
"297975133","606911486","606911486","1","606911486.wem"
"298667061","859504379","859504379","1","859504379.wem"
"314270197","556780192","556780192","1","556780192.wem"
"320504048","336600463","336600463","1","336600463.wem"
"321721880","16413068","16413068","1","16413068.wem"
"326498802","1058158586","1058158586","1","1058158586.wem"
"348838841","1016515822","1016515822","1","1016515822.wem"
"360567073","61738747","61738747","1","61738747.wem"
"371614362","211866321","211866321","1","211866321.wem"
"371972919","1015723236","1015723236","1","1015723236.wem"
"374593863","170803105","170803105","1","170803105.wem"
"379770640","312358803","312358803","1","312358803.wem"
"380690990","127735755","127735755","1","127735755.wem"
"388939738","886608002","886608002","1","886608002.wem"
"401021872","83349338","83349338","1","83349338.wem"
"410663328","681273938","681273938","1","681273938.wem"
"419987509","512180737","512180737","1","512180737.wem"
"422566295","526885551","526885551","1","526885551.wem"
"430729684","111168223","111168223","1","111168223.wem"
"435806486","742386258","742386258","1","742386258.wem"
"436289009","630611290","630611290","1","630611290.wem"
"458932156","368819908","368819908","1","368819908.wem"
"459152143","864723965","864723965","1","864723965.wem"
"469991711","39862244","39862244","1","39862244.wem"
"471245591","182704058","182704058","1","182704058.wem"
"486651074","919355035","919355035","1","919355035.wem"
"500806800","789495999","789495999","1","789495999.wem"
"501279652","23618156","23618156","1","23618156.wem"
"511937155","793708866","793708866","1","793708866.wem"
"523399982","866332544","866332544","1","866332544.wem"
"530474755","619319587","619319587","1","619319587.wem"
"548337589","145243625","145243625","1","145243625.wem"
"549456114","415572436","415572436","1","415572436.wem"
"549822694","126988840","126988840","1","126988840.wem"
"567837998","1068329219","1068329219","1","1068329219.wem"
"568766156","56270695","56270695","1","56270695.wem"
"570353536","876612086","876612086","1","876612086.wem"
"577175757","287830862","287830862","1","287830862.wem"
"582368397","578909285","578909285","1","578909285.wem"
"583130529","609442118","609442118","1","609442118.wem"
"587799451","54204748","54204748","1","54204748.wem"
"597396105","134051271","134051271","1","134051271.wem"
"605209388","751285065","751285065","1","751285065.wem"
"608042004","418024896","418024896","1","418024896.wem"
"608409245","640524664","640524664","1","640524664.wem"
"614086089","1046561200","1046561200","1","1046561200.wem"
"621432585","691955040","691955040","1","691955040.wem"
"621934074","804342991","804342991","1","804342991.wem"
"622513652","928373896","928373896","1","928373896.wem"
"626792830","474328726","474328726","1","474328726.wem"
"634519766","90880483","90880483","1","90880483.wem"
"638224067","564551233","564551233","1","564551233.wem"
"644019011","65544374","65544374","1","65544374.wem"
"644162243","549141893","549141893","1","549141893.wem"
"649048986","339751913","339751913","1","339751913.wem"
"653534574","770679657","770679657","1","770679657.wem"
"659883931","475146708","475146708","1","475146708.wem"
"660949017","919924785","919924785","1","919924785.wem"
"671588910","848134069","848134069","1","848134069.wem"
"675390096","505575962","505575962","1","505575962.wem"
"676998605","750068795","750068795","1","750068795.wem"
"691391696","6343934","6343934","1","6343934.wem"
"697892629","771764595","771764595","1","771764595.wem"
"702690522","181934843","181934843","1","181934843.wem"
"705785050","724109307","724109307","1","724109307.wem"
"717555436","439504169","439504169","1","439504169.wem"
"731541432","246891663","246891663","1","246891663.wem"
"732424380","619345926","619345926","1","619345926.wem"
"734909783","751516442","751516442","1","751516442.wem"
"740693975","449583122","449583122","1","449583122.wem"
"749194964","1004474760","1004474760","1","1004474760.wem"
"752031617","301847788","301847788","1","301847788.wem"
"769807682","636894117","636894117","1","636894117.wem"
"772868642","466008262","466008262","1","466008262.wem"
"810742718","87634762","87634762","1","87634762.wem"
"817780129","640595667","640595667","1","640595667.wem"
"821575141","686640077","686640077","1","686640077.wem"
"838947076","384020408","384020408","1","384020408.wem"
"840611687","826928329","826928329","1","826928329.wem"
"847070882","1032521899","1032521899","1","1032521899.wem"
"847858363","677551103","677551103","1","677551103.wem"
"854030120","530397980","530397980","1","530397980.wem"
"863797716","458898376","458898376","1","458898376.wem"
"871083681","453883104","453883104","1","453883104.wem"
"872540562","1027092084","1027092084","1","1027092084.wem"
"894686532","757582667","757582667","1","757582667.wem"
"896754212","461263734","461263734","1","461263734.wem"
"898105080","221217876","221217876","1","221217876.wem"
"909884954","1050074967","1050074967","1","1050074967.wem"
"911474382","107137317","107137317","1","107137317.wem"
"914595088","681167016","681167016","1","681167016.wem"
"919823191","107594310","107594310","1","107594310.wem"
"920662145","46657280","46657280","1","46657280.wem"
"922486242","740908996","740908996","1","740908996.wem"
"926509475","990263916","990263916","1","990263916.wem"
"930575479","864627047","864627047","1","864627047.wem"
"948325220","1012365781","1012365781","1","1012365781.wem"
"968071933","667534222","667534222","1","667534222.wem"
"971108235","462415706","462415706","1","462415706.wem"
"994218871","98552437","98552437","1","98552437.wem"
"995832073","618494245","618494245","1","618494245.wem"
"997840992","165923554","165923554","1","165923554.wem"
"998452030","917585991","917585991","1","917585991.wem"
"1002367186","777986001","777986001","1","777986001.wem"
"1007558933","383557193","383557193","1","383557193.wem"
"1010532790","27253652","27253652","1","27253652.wem"
"1012368390","700711985","700711985","1","700711985.wem"
"1021213910","776471683","776471683","1","776471683.wem"
"1021974394","979626938","979626938","1","979626938.wem"
"1024620183","181960664","181960664","1","181960664.wem"
"1040271199","358279764","358279764","1","358279764.wem"
"3911815","1024605331","1024605331","1","1024605331.wem"
"7985231","46999090","46999090","1","46999090.wem"
"8894136","694355849","694355849","1","694355849.wem"
"16788436","758290971","758290971","1","758290971.wem"
"16964629","1007862950","1007862950","1","1007862950.wem"
"17303412","296620762","296620762","1","296620762.wem"
"19131970","972858731","972858731","1","972858731.wem"
"21594974","878999912","878999912","1","878999912.wem"
"28335878","529627824","529627824","1","529627824.wem"
"30745212","27512562","27512562","1","27512562.wem"
"47687508","766877046","766877046","1","766877046.wem"
"64276441","605166869","605166869","1","605166869.wem"
"92514553","148095223","148095223","1","148095223.wem"
"101003551","884181245","884181245","1","884181245.wem"
"102762371","323978565","323978565","1","323978565.wem"
"111133726","883984475","883984475","1","883984475.wem"
"113777530","243616231","243616231","1","243616231.wem"
"116161362","351957581","351957581","1","351957581.wem"
"117634563","31508959","31508959","1","31508959.wem"
"123421981","123921731","123921731","1","123921731.wem"
"143840629","646898170","646898170","1","646898170.wem"
"166959151","1026098211","1026098211","1","1026098211.wem"
"168299508","876965456","876965456","1","876965456.wem"
"181571197","495882292","495882292","1","495882292.wem"
"181976729","1068184009","1068184009","1","1068184009.wem"
"188247809","196991802","196991802","1","196991802.wem"
"195703788","430911117","430911117","1","430911117.wem"
"219128123","199511651","199511651","1","199511651.wem"
"220944009","647714753","647714753","1","647714753.wem"
"228056663","910243833","910243833","1","910243833.wem"
"236350761","481223653","481223653","1","481223653.wem"
"236830479","41098152","41098152","1","41098152.wem"
"245719918","162530994","162530994","1","162530994.wem"
"258833419","715683777","715683777","1","715683777.wem"
"259359669","666889927","666889927","1","666889927.wem"
"267818785","681387595","681387595","1","681387595.wem"
"280142996","564398809","564398809","1","564398809.wem"
"294067781","513712278","513712278","1","513712278.wem"
"307213396","709111517","709111517","1","709111517.wem"
"308205199","802413119","802413119","1","802413119.wem"
"319887933","1018412350","1018412350","1","1018412350.wem"
"329959198","184647666","184647666","1","184647666.wem"
"337891011","196366528","196366528","1","196366528.wem"
"340289213","473254968","473254968","1","473254968.wem"
"350874972","545688649","545688649","1","545688649.wem"
"354849125","433983910","433983910","1","433983910.wem"
"363460359","789342652","789342652","1","789342652.wem"
"364268165","890121176","890121176","1","890121176.wem"
"370695314","394444490","394444490","1","394444490.wem"
"376261092","979544947","979544947","1","979544947.wem"
"380986806","702379328","702379328","1","702379328.wem"
"382245291","38896854","38896854","1","38896854.wem"
"390275823","338807096","338807096","1","338807096.wem"
"398210724","643050642","643050642","1","643050642.wem"
"398940593","635449659","635449659","1","635449659.wem"
"410822757","878170847","878170847","1","878170847.wem"
"411771121","137581498","137581498","1","137581498.wem"
"425828521","42374114","42374114","1","42374114.wem"
"432798228","181324910","181324910","1","181324910.wem"
"439289755","723844794","723844794","1","723844794.wem"
"461646817","803570338","803570338","1","803570338.wem"
"467790309","1069707836","1069707836","1","1069707836.wem"
"470207270","289770978","289770978","1","289770978.wem"
"478932114","471866784","471866784","1","471866784.wem"
"486557715","541461070","541461070","1","541461070.wem"
"504178454","344949174","344949174","1","344949174.wem"
"524458779","799928963","799928963","1","799928963.wem"
"531718375","854370586","854370586","1","854370586.wem"
"531855588","377506577","377506577","1","377506577.wem"
"548817883","903880128","903880128","1","903880128.wem"
"562954401","800692050","800692050","1","800692050.wem"
"571182963","300465557","300465557","1","300465557.wem"
"586439977","743117923","743117923","1","743117923.wem"
"589686071","831440145","831440145","1","831440145.wem"
"613357147","882258407","882258407","1","882258407.wem"
"629324952","264429072","264429072","1","264429072.wem"
"635194493","800015293","800015293","1","800015293.wem"
"646661523","493670512","493670512","1","493670512.wem"
"647210547","738409400","738409400","1","738409400.wem"
"650450056","499650297","499650297","1","499650297.wem"
"658297895","191772834","191772834","1","191772834.wem"
"669372916","894548271","894548271","1","894548271.wem"
"683865752","643106928","643106928","1","643106928.wem"
"690767395","735720766","735720766","1","735720766.wem"
"694321162","810336999","810336999","1","810336999.wem"
"700269304","1040216574","1040216574","1","1040216574.wem"
"723056549","206482288","206482288","1","206482288.wem"
"731583627","668525710","668525710","1","668525710.wem"
"734488198","231591266","231591266","1","231591266.wem"
"763115100","324163942","324163942","1","324163942.wem"
"768792658","35991868","35991868","1","35991868.wem"
"783624524","1048949208","1048949208","1","1048949208.wem"
"792968165","281326780","281326780","1","281326780.wem"
"797942932","1024311381","1024311381","1","1024311381.wem"
"799240744","120129487","120129487","1","120129487.wem"
"802318516","126944838","126944838","1","126944838.wem"
"802506159","1052971964","1052971964","1","1052971964.wem"
"812542932","218774231","218774231","1","218774231.wem"
"831057410","708939688","708939688","1","708939688.wem"
"831564288","70106595","70106595","1","70106595.wem"
"832803086","424842952","424842952","1","424842952.wem"
"852207460","958401130","958401130","1","958401130.wem"
"852731061","917921297","917921297","1","917921297.wem"
"859486199","866777626","866777626","1","866777626.wem"
"861450985","1028485157","1028485157","1","1028485157.wem"
"863730520","1011898081","1011898081","1","1011898081.wem"
"868551262","327111786","327111786","1","327111786.wem"
"870323883","962377788","962377788","1","962377788.wem"
"877020574","1018719994","1018719994","1","1018719994.wem"
"877269556","204876013","204876013","1","204876013.wem"
"879486849","286377453","286377453","1","286377453.wem"
"899139808","775795699","775795699","1","775795699.wem"
"910095007","623442379","623442379","1","623442379.wem"
"913804586","722799325","722799325","1","722799325.wem"
"917952391","45145384","45145384","1","45145384.wem"
"933665394","446263000","446263000","1","446263000.wem"
"940453610","536489072","536489072","1","536489072.wem"
"949224210","964945468","964945468","1","964945468.wem"
"949241249","914212892","914212892","1","914212892.wem"
"969254776","607257319","607257319","1","607257319.wem"
"981927778","183169828","183169828","1","183169828.wem"
"983828701","184262414","184262414","1","184262414.wem"
"990384137","242465059","242465059","1","242465059.wem"
"1017016097","291902255","291902255","1","291902255.wem"
"1018012663","393960277","393960277","1","393960277.wem"
"1024372567","125264452","125264452","1","125264452.wem"
"1042035163","75298720","75298720","1","75298720.wem"
"1042257467","871360798","871360798","1","871360798.wem"
"1043455568","822250269","822250269","1","822250269.wem"
"1058836719","797426814","797426814","1","797426814.wem"
"1073725359","638460096","638460096","1","638460096.wem"
