"EventID","ActionID"
"6101757","644467920"
"13142580","51523396"
"14107373","162280588"
"15524057","22341881"
"21816622","32460704"
"25410473","403124118"
"26469050","401939776"
"29382661","218392660"
"30263741","723617978"
"30829860","1038272151"
"32367478","425774298"
"32947030","123702919"
"34241672","227812407"
"37023884","1003340774"
"38922982","120298763"
"41015416","655422662"
"41160056","271803665"
"51427270","134248600"
"56395845","438149503"
"64470697","594959497"
"67663027","808018788"
"82386634","277069325"
"87081233","874179820"
"95586499","169232804"
"96887312","728346743"
"98289929","974433607"
"98497593","384893626"
"101998563","266165165"
"107603366","310305095"
"111673343","974748351"
"112551792","737897573"
"119414710","457007576"
"127341612","144477204"
"135549706","359206802"
"136739787","504164402"
"139847862","339863669"
"143839951","967150815"
"144857377","311242595"
"145728859","636413734"
"147666893","444084901"
"157576115","536449944"
"159955756","109491825"
"162858554","937801278"
"169273295","346206699"
"171366236","432709169"
"174778460","584152871"
"176639534","185855875"
"180893011","950431407"
"182032149","453269945"
"183070853","954755627"
"184467978","257576932"
"188116871","345774950"
"190029786","1007140816"
"193351199","342704997"
"195402501","4926239"
"197552483","144821061"
"208209033","116632589"
"212496226","276285837"
"213654886","143765288"
"214616859","875754443"
"217513925","126743150"
"225660079","34411174"
"235656402","838567321"
"236789081","58210224"
"252618756","442921647"
"255483752","506128832"
"262679083","573661604"
"264492210","948614272"
"282520146","674163862"
"288511697","512651552"
"288691043","169327410"
"289368195","218043853"
"290900633","64674829"
"291141652","571944126"
"291272750","970145691"
"295816390","149540834"
"298844075","1033809923"
"298887401","414451237"
"300711139","242744588"
"303488411","992439976"
"313238683","468451749"
"313782177","798926590"
"314236228","342063598"
"315063253","607829869"
"316615779","524239045"
"322192348","831867244"
"322299620","402368636"
"322549181","359063730"
"323914157","182337287"
"328531425","629743421"
"334180196","553569529"
"337681072","425096244"
"350822486","782660235"
"351493867","312613068"
"355854794","43874702"
"365444518","191122809"
"370890959","617082004"
"372632509","470505336"
"373633978","217254183"
"385739589","200481864"
"388090327","820191906"
"390402342","454107951"
"392409208","352615041"
"408058706","85614022"
"409633238","476159388"
"410603206","919029815"
"412114493","161013131"
"422724153","677404689"
"428771288","62223399"
"430148789","515707525"
"430286511","328787007"
"439133687","807301284"
"443344513","814270652"
"445725939","921355050"
"451633249","546948177"
"451855521","713365609"
"452339529","848367069"
"454883748","856477663"
"457640162","264630181"
"457953562","199148310"
"459810690","1037732648"
"466064885","458623902"
"469420281","773359881"
"472807604","163174556"
"482386245","90334564"
"486807543","884056736"
"488069790","840304788"
"496774474","740625598"
"499856114","362913125"
"506353323","399000848"
"506953500","178446032"
"506962629","2285844"
"513457386","395042076"
"514196655","154317386"
"514833756","264084814"
"516979957","127325908"
"520030803","669476803"
"524659688","389434333"
"530626252","585750462"
"532582046","787819237"
"536891249","182088830"
"538553527","958893593"
"543797147","351769556"
"548935516","383288426"
"552504920","730966312"
"553178007","356513038"
"557415264","1001606178"
"559207374","80678536"
"560000398","228036317"
"564451442","271472641"
"564717827","341299456"
"576853596","760931534"
"587493526","855680118"
"590353631","971135927"
"602792762","994157173"
"616096848","1013584678"
"617366962","645856872"
"621626967","470033827"
"624407467","435747753"
"629627779","990040243"
"630712938","93284787"
"631594570","573687731"
"638557300","87355320"
"642354608","815749185"
"655065823","203759134"
"659602759","889739615"
"659623749","427696188"
"663075787","1041054440"
"664984808","933768584"
"666419965","137678310"
"681762395","985071126"
"685778101","519645209"
"692046863","177542508"
"698539982","310126389"
"705811338","59863403"
"713792928","365269730"
"714608406","143003634"
"715266223","83417245"
"715317665","576500210"
"718132085","398703830"
"721567578","1002138588"
"722932579","46833015"
"727153423","415060198"
"734875933","525715168"
"735708210","849915144"
"737463583","178740520"
"741324889","618990327"
"747866375","994430967"
"758562845","264423618"
"766366758","824479137"
"766606842","391164112"
"768058934","772833276"
"773607919","915427969"
"773998049","687023767"
"781885249","714337614"
"783384429","217451650"
"784526517","468595252"
"785376192","71422919"
"791690232","144700501"
"797081514","669172539"
"802631416","694764823"
"803827908","407076703"
"808574123","629352567"
"810527948","701062725"
"819836569","552454079"
"827981070","93018469"
"828420738","40080207"
"830793807","93754289"
"837529575","485369732"
"842795069","823387283"
"843242020","124590272"
"847240895","1068402534"
"855523534","238207234"
"857773442","741853050"
"869614451","1022207924"
"871119112","1070775695"
"872444375","874530826"
"874710010","597829458"
"876048696","138214523"
"877273515","881512523"
"883889954","723039354"
"890264209","1024520856"
"892407898","410518979"
"892826283","518025656"
"895770820","248079896"
"896392388","886073168"
"897629957","818887915"
"898193892","522389761"
"898631400","781021849"
"898631403","448464765"
"904176116","902255790"
"909603870","1043784522"
"917395916","176807702"
"919961890","672759702"
"921712153","738775511"
"923082130","650024790"
"924194555","391399882"
"926381553","831342287"
"929252235","139077089"
"934411688","203041246"
"935501094","742632920"
"935831808","987576666"
"942616954","186889187"
"943159140","606858460"
"943478013","73878643"
"946331634","494268556"
"948735758","354406134"
"948850232","529577284"
"948900277","996932999"
"952301461","541919175"
"959936727","182873655"
"961366360","926753534"
"962791485","339693481"
"973348405","249034661"
"974394456","675431224"
"976276603","324257062"
"976714314","892735653"
"985175208","359260679"
"985249731","261005986"
"992571404","580202707"
"993420852","881982948"
"996111595","833855978"
"999914252","104386796"
"1002245071","304837812"
"1007539908","300677048"
"1015092084","675543373"
"1019406461","443491341"
"1023816105","71788913"
"1025704988","659951917"
"1026393231","627744424"
"1032886942","398313346"
"1036583518","36118526"
"1037781457","564605524"
"1040802652","584181906"
"1042666289","363998529"
"1045436160","859063789"
"1049614177","108896294"
"1051333534","996584893"
"1058333261","850774174"
"1062811373","934035726"
"1064408926","645333464"
"1074146810","344433556"
"1076133838","731485791"
"1077489726","526130858"
"1084431539","383922212"
"1092904881","953086152"
"1098029512","930110057"
"1103764628","713202528"
"1104264977","751108522"
"1106187016","299359"
"1107099532","449868558"
"1107948250","605958934"
"1113986245","970350021"
"1116762280","1013882837"
"1117508467","911620461"
"1122296726","134134317"
"1124702214","830067575"
"1125519507","601154151"
"1126614114","1040170917"
"1131517247","133049835"
"1134099512","728299103"
"1134230665","766406028"
"1134550596","481443289"
"1141408562","713782570"
"1145372844","827069251"
"1147976870","583036020"
"1149751009","1033274283"
"1153101288","1007007993"
"1162766374","1066509000"
"1168415400","160586201"
"1172112788","345868907"
"1172115686","670358953"
"1175821568","326223472"
"1176830298","98908671"
"1181181451","145569852"
"1185430639","751371040"
"1188555628","849137564"
"1192026671","314103222"
"1198737572","365629827"
"1204866844","232683145"
"1207874832","317894615"
"1213289082","391161149"
"1219022389","235024408"
"1220812717","1035530909"
"1226176244","189250353"
"1230411843","239157836"
"1232370383","919574694"
"1233060146","33338827"
"1235739457","776138631"
"1236526983","691141048"
"1236597399","559150887"
"1241761502","413411601"
"1249509908","977857989"
"1250519000","144869620"
"1252065011","545133488"
"1252812179","812256275"
"1253117252","977360908"
"1258724443","238134403"
"1263935166","159079101"
"1266889977","140937819"
"1270361140","283979803"
"1273019539","278999721"
"1276233748","856415100"
"1279633228","762166880"
"1282059124","549703120"
"1289065688","998873592"
"1295266950","276462060"
"1300393513","224936983"
"1302635520","249377762"
"1312168736","395795933"
"1333972682","897543627"
"1337526250","944977325"
"1337998135","1042833519"
"1342192736","253431697"
"1343018128","922101443"
"1343733178","337418438"
"1344103095","576496048"
"1347458514","186615950"
"1351242622","350053389"
"1352144180","704120089"
"1352333665","364004938"
"1354894830","535209366"
"1358970323","489121831"
"1365390753","446606886"
"1371672385","428612610"
"1372482124","61788524"
"1373325719","368020843"
"1374922702","1068684430"
"1375747910","642765473"
"1388450100","178419983"
"1390311530","738812322"
"1392525625","178367285"
"1395982077","793160162"
"1397048244","537182171"
"1402918832","298596891"
"1405227687","445898433"
"1409303212","898215708"
"1422005274","478655467"
"1426080799","712454948"
"1426591463","786579461"
"1426861212","505799495"
"1426877476","844588223"
"1429877993","265058403"
"1430980234","194795974"
"1433688653","44802052"
"1434959409","202874251"
"1434959410","294741614"
"1438638617","889309060"
"1438782861","547860278"
"1442858482","458649672"
"1449448340","263856076"
"1449599358","902875706"
"1459636069","516516145"
"1460143611","205935179"
"1462588812","208835319"
"1463667292","787319294"
"1464506463","1045509450"
"1467204419","218565073"
"1472355436","966018431"
"1475671394","1072472205"
"1476413656","924379110"
"1477756927","950272388"
"1477902024","948709598"
"1492325161","326843746"
"1493056630","641044259"
"1493191243","164036162"
"1495675248","655895176"
"1497286621","128065732"
"1499399721","756736741"
"1503649457","98354924"
"1504001219","801788045"
"1504815003","25101986"
"1506958271","1064049449"
"1514642882","414394438"
"1522166924","133277949"
"1522572093","813372218"
"1525990237","744053099"
"1528523366","760646068"
"1536221796","900878983"
"1537684813","740483147"
"1546929112","798775751"
"1552701547","685200613"
"1562324204","808464622"
"1563170930","589383386"
"1571639502","101690538"
"1572331927","801140388"
"1574635234","401446043"
"1576689665","622991018"
"1577743092","869991064"
"1579828519","153631324"
"1583071034","370800526"
"1594075579","877751170"
"1601078373","895019799"
"1602085848","921788012"
"1608268017","439317907"
"1611567706","73901326"
"1617110814","721536814"
"1618754524","220215217"
"1619880322","456669544"
"1622641652","602445161"
"1623751964","586383912"
"1633037808","709815240"
"1635532111","127255270"
"1638473133","525176844"
"1641840456","160327657"
"1643479121","726696648"
"1647420095","331935054"
"1650432149","641214543"
"1652309794","868005192"
"1654706174","380542528"
"1658538140","753861775"
"1669087381","984175347"
"1678656149","320709480"
"1682539192","666307177"
"1682644071","581081123"
"1686469442","271833446"
"1703179782","601005225"
"1713556506","782052297"
"1714209092","645973793"
"1717726313","844438549"
"1720085796","680692599"
"1722371634","157339673"
"1726545727","451104876"
"1730234253","78573436"
"1735195633","429733557"
"1741796302","138123452"
"1743323282","966995386"
"1746812372","543342245"
"1749608014","325630347"
"1758358581","686170800"
"1760100869","590152896"
"1773988251","312924734"
"1780193859","769320702"
"1784868865","331032502"
"1785910087","853629253"
"1789921568","429373065"
"1791293920","338238921"
"1795884759","494647886"
"1802874610","764500767"
"1803377177","619012009"
"1803499919","646712880"
"1804652044","816258306"
"1810801232","166181361"
"1813021880","528082547"
"1813957771","1005994450"
"1817961936","244158543"
"1819604464","830597988"
"1820028648","937449729"
"1829799467","489748401"
"1829882579","387463766"
"1839952075","541623177"
"1844330254","894525477"
"1846577054","286811319"
"1855482301","958923539"
"1860011322","177288494"
"1861719537","253284594"
"1863354737","444368724"
"1867356626","47409775"
"1871258074","166913318"
"1871672958","1011949244"
"1876850065","921177244"
"1881668234","707058839"
"1884936553","417237059"
"1887777798","123807708"
"1892954248","619906170"
"1902089781","844605453"
"1906860155","618667253"
"1909401199","849067476"
"1917077711","993476896"
"1930439428","66161166"
"1930465213","329074691"
"1934276133","317183868"
"1938329411","567450022"
"1939217055","483822953"
"1940083306","1004506336"
"1940251724","275874313"
"1941845740","224680702"
"1944694042","1001942698"
"1949797903","808173497"
"1956862132","740209577"
"1963702333","88445794"
"1972509326","537897441"
"1976077404","15861634"
"1983456882","747131993"
"1989624878","719753371"
"1990129782","148702686"
"1992660143","513295419"
"1994858263","680094740"
"1996812409","92136766"
"1997170894","743394404"
"1998134427","861671967"
"1998478979","836706796"
"1998947918","907058655"
"1999873769","749318015"
"1999882942","794217752"
"2002073954","17647476"
"2019602323","1002093841"
"2020365498","240288780"
"2031079174","1047086543"
"2033346725","771265617"
"2036711722","180633126"
"2043040516","481413392"
"2045505234","313260858"
"2045784277","197798596"
"2047205724","747358193"
"2048458047","387548517"
"2063117786","751190128"
"2063662812","857803967"
"2065687702","1052523197"
"2079483914","489082008"
"2080917968","505100376"
"2084772278","404366928"
"2094246697","475752059"
"2097721411","556056099"
"2106127640","86973129"
"2108699618","831490196"
"2112541569","335887006"
"2116105528","125362257"
"2122408708","472103661"
"2138555756","265369006"
"2141212667","156308355"
"2141487084","241039959"
"2141487087","510419037"
"2146288964","737701782"
"2149964272","589009586"
"2150382821","602183481"
"2157606221","19627399"
"2158602490","625237298"
"2169349947","959745924"
"2170363607","654757023"
"2172941058","139357004"
"2176191947","310966579"
"2179394245","462659"
"2180151499","248270881"
"2188338835","324718724"
"2192477699","974974992"
"2196123131","934480855"
"2203305525","450564590"
"2206210113","667202870"
"2214432560","724850733"
"2222202438","401809353"
"2225380438","748666220"
"2231120800","974264761"
"2231210147","1041478184"
"2232773451","294511946"
"2232931059","300490372"
"2236051832","1006651323"
"2239595267","299213525"
"2240133296","818915967"
"2247987734","811375382"
"2252829419","537744300"
"2254319328","126601414"
"2255405928","657169454"
"2255500328","544423684"
"2258699595","50072444"
"2264765321","115570955"
"2269607006","639724389"
"2272354181","1054670987"
"2274820042","796908199"
"2274920882","499795281"
"2279423190","145310568"
"2281543036","412906360"
"2281971384","948641052"
"2286384689","765823039"
"2288032229","110693190"
"2290542269","837960197"
"2298320623","518024199"
"2300763553","552646575"
"2303162276","134239707"
"2308372584","129481853"
"2313422874","854432781"
"2315098178","550677700"
"2315919225","810022185"
"2317206743","357486717"
"2318763161","152150457"
"2319939863","373001820"
"2322088210","878173925"
"2332944445","572115189"
"2334373951","284467941"
"2342766750","295772386"
"2344137550","244565837"
"2345778810","458180099"
"2346547009","408920005"
"2348459300","779699267"
"2350668639","662486511"
"2351029671","459155939"
"2353495165","1012768493"
"2357038600","592851939"
"2357947842","247972298"
"2358215687","800907594"
"2359788130","706680686"
"2363824725","479089115"
"2365126115","160886553"
"2367855121","666181230"
"2372161051","912930695"
"2373816315","940217300"
"2381447540","433396676"
"2385992378","180095592"
"2389480092","671447650"
"2390593902","339024071"
"2398077248","493520726"
"2402963614","66791487"
"2403334882","280088796"
"2405790296","1061826990"
"2407260110","765529188"
"2407371457","183150142"
"2420488482","1047742774"
"2422494377","66453600"
"2424149172","37320165"
"2425029175","879789512"
"2425927065","298434615"
"2438119800","1015906646"
"2440926759","635050659"
"2445559219","779377083"
"2454000597","289426750"
"2457704346","574401583"
"2465047953","544599743"
"2472637814","212314177"
"2473794624","490975876"
"2474481933","637311462"
"2476246378","280642798"
"2477547673","80120170"
"2484133173","539367414"
"2489945728","234893302"
"2490695792","382095047"
"2499600490","780665079"
"2501910180","145636329"
"2517422018","758071889"
"2518913913","368057932"
"2519060418","910703238"
"2522611136","715571477"
"2525315717","597649411"
"2525512531","642971320"
"2534291421","587587175"
"2538218920","512806896"
"2541491532","310537009"
"2545964037","249723566"
"2554253173","623088887"
"2555930391","225731760"
"2565760583","570273374"
"2570146160","743827893"
"2578213330","74137745"
"2580604493","289027545"
"2584526111","47485129"
"2596443901","962335104"
"2600442144","799096121"
"2603129809","272141459"
"2603168646","81192648"
"2604247032","814291001"
"2611447410","177203986"
"2612629683","661207466"
"2614898379","838684050"
"2617860108","642223327"
"2618876834","380036408"
"2620796913","864881930"
"2627370257","824668894"
"2627370258","64157754"
"2636156710","544445428"
"2640616180","687677002"
"2642473142","759900453"
"2644114177","904808310"
"2649265093","167917597"
"2652657254","256541576"
"2658140653","312663576"
"2661400488","660685501"
"2661574759","955378424"
"2662259499","479884815"
"2664002317","351187368"
"2664776366","1063831631"
"2667738906","654231053"
"2684472406","982703692"
"2686703802","866994893"
"2697836364","447582716"
"2698788672","324837614"
"2713926369","238036359"
"2719716361","207870470"
"2727922260","437329850"
"2732307994","725637980"
"2732940784","555081241"
"2738261844","547505101"
"2739992076","1004918001"
"2740913428","12442089"
"2749166468","447509143"
"2750707470","626013087"
"2755039431","545438299"
"2758402857","214515218"
"2764976541","1060556026"
"2769386522","159797434"
"2771812905","471837658"
"2777867240","407228115"
"2777911739","1050996736"
"2778855768","718144342"
"2788594733","145436850"
"2790755596","954028334"
"2792667481","409212010"
"2811078669","575442097"
"2820893646","339918404"
"2832647578","670621262"
"2835669845","444117764"
"2837614623","172622681"
"2839621892","831971855"
"2846891204","367850307"
"2847151629","479179942"
"2854087502","3867541"
"2859690167","179482489"
"2859732940","343632455"
"2869907640","756613668"
"2875567305","556933342"
"2876192162","333340310"
"2878382540","1050514178"
"2879537941","60003323"
"2880264342","226295830"
"2888225390","351661579"
"2888225975","1061622172"
"2890782109","110818890"
"2893405392","845945371"
"2900094000","118212027"
"2902861785","693207772"
"2905455963","706393658"
"2909398110","1015695160"
"2909911435","206471921"
"2910483243","299534996"
"2910534179","322780079"
"2910603287","272480116"
"2917685879","877125197"
"2921080753","512676108"
"2925666398","769045348"
"2936382455","1049261664"
"2938918989","455910179"
"2940386373","102449394"
"2941141265","35149190"
"2945085863","796624193"
"2949996389","704635580"
"2953782666","824648558"
"2954378006","72523283"
"2955162213","997398706"
"2968484849","816852628"
"2970426852","658379738"
"2978206509","252861238"
"2978642124","30662481"
"2981546119","954524131"
"2983809071","704795522"
"2991160767","179125938"
"2994106687","677413543"
"2999985347","664166620"
"3002424588","125837682"
"3004213860","1053228116"
"3016619489","878720335"
"3019033575","878200631"
"3019476070","902071565"
"3020580112","249493294"
"3020786623","617526787"
"3022257892","986239896"
"3024387871","7289928"
"3030332188","639353813"
"3033998857","157565222"
"3041205926","635149215"
"3041643348","708210324"
"3053274528","397028150"
"3054309078","824638910"
"3054968582","319550894"
"3056621189","920046291"
"3059834227","233322638"
"3063645708","1041902263"
"3064175506","46751181"
"3073592732","457999176"
"3078223667","893787449"
"3079820893","404774770"
"3082062299","1027399461"
"3087475729","973577341"
"3094265415","527009957"
"3098908705","133087753"
"3100553236","978917118"
"3101685905","653965402"
"3105144685","552411348"
"3107979236","89731502"
"3109943155","315466570"
"3110187324","911549028"
"3111750117","1030007405"
"3114659685","944823873"
"3124196736","78103598"
"3125062282","328893647"
"3125219180","640248237"
"3132340375","433283396"
"3132505799","793688024"
"3133460898","55560641"
"3140974451","853664769"
"3142304963","783691453"
"3145078346","505655258"
"3157752038","683406032"
"3158277099","987672707"
"3158607891","923164948"
"3158746592","407292068"
"3160093545","538676215"
"3169421733","857827138"
"3174529625","489984894"
"3177931370","997513563"
"3178225616","909906155"
"3178332247","485498324"
"3184847143","117139925"
"3189533682","59351733"
"3191307212","791774604"
"3192371027","542368969"
"3193117353","842035104"
"3196710711","648829821"
"3197501496","163778031"
"3198991555","758593958"
"3207686143","858618092"
"3208084927","847235229"
"3209565980","73954323"
"3220413139","780470501"
"3223271117","544764882"
"3224862482","222037952"
"3229787096","175975353"
"3232962523","58167495"
"3238798809","1073460608"
"3241396690","413741820"
"3241640069","320124046"
"3242189316","387354500"
"3242356929","94611735"
"3242901752","713358744"
"3249961414","317431926"
"3250133774","608600397"
"3251826310","71276057"
"3253154306","723757622"
"3255030090","892965232"
"3255456168","291927307"
"3258244090","547776979"
"3264861813","455383523"
"3267913919","64937679"
"3278687242","581908100"
"3279244510","138703191"
"3281868771","713536406"
"3284123042","275414368"
"3291525357","836315365"
"3293282188","225953132"
"3297347650","306387756"
"3298400320","970444226"
"3304925284","695950868"
"3311955968","680752309"
"3314509209","872083590"
"3318182744","870297515"
"3322048120","848087512"
"3325265034","293778651"
"3325452044","563618692"
"3344009922","280982821"
"3346078392","1048721319"
"3358083757","986122839"
"3359083402","323409150"
"3359936350","173298372"
"3361011483","10653340"
"3364301767","156351880"
"3369576424","873309786"
"3372015199","904260975"
"3373282543","770029961"
"3375861117","505814526"
"3377565224","839545645"
"3385568830","823897829"
"3385772171","797990698"
"3389668694","843148699"
"3392410201","175951935"
"3393122011","876453350"
"3393491620","761202034"
"3394342811","662060"
"3394785282","359251216"
"3397463485","304223564"
"3404660568","57170369"
"3410269207","1030028545"
"3410464112","325106043"
"3411120398","871247096"
"3411582111","561735104"
"3412165023","60078409"
"3416827058","615308723"
"3424746738","449994384"
"3427046794","530989381"
"3427898081","917836929"
"3428292521","74374552"
"3429285047","820908121"
"3436101585","682831040"
"3443824509","516402753"
"3444675668","697060392"
"3447099962","617480380"
"3447942977","949973051"
"3448015431","784422778"
"3451013194","99510254"
"3452444601","286399025"
"3454751185","563809294"
"3456415926","232240280"
"3456426596","809036313"
"3461453255","34794032"
"3471142878","192767124"
"3472040852","196711582"
"3472596609","598556963"
"3473193513","28085961"
"3474264746","636039829"
"3476673361","883554388"
"3478230970","636402901"
"3478448924","526545197"
"3482353277","729633226"
"3482841388","984677752"
"3489971100","861365488"
"3492277858","763302358"
"3495008557","843074105"
"3506695771","506804299"
"3506748687","825136468"
"3513521233","1037899952"
"3515495150","821128532"
"3517136529","23907833"
"3523526370","411611558"
"3528293971","100767144"
"3529572942","596069772"
"3529995645","308976180"
"3536453190","299601734"
"3540303957","141002095"
"3543190865","33263017"
"3543770398","1009862860"
"3545369453","621163132"
"3550161132","277899670"
"3551984309","78192260"
"3559160032","968611272"
"3562805937","209361308"
"3569155239","961165312"
"3569963574","1001120948"
"3574820932","441572062"
"3575253992","719296781"
"3581257700","783783444"
"3586116088","828004921"
"3590473986","821695112"
"3595682514","69768974"
"3606265539","351589402"
"3607937231","32961106"
"3608137028","574004546"
"3615379023","350226134"
"3628366633","550507698"
"3632571986","814576078"
"3642407344","436955453"
"3653153386","1002636204"
"3658228876","1000099591"
"3663766269","473154646"
"3668016913","528110645"
"3674106912","874241281"
"3675640674","316817249"
"3685996630","254178215"
"3688101281","285689078"
"3688952314","919247701"
"3692828438","225415406"
"3700075934","727846445"
"3706754220","286979558"
"3713637175","702267632"
"3716023168","134491677"
"3722097342","1058195344"
"3723090864","198739567"
"3724663601","61281214"
"3728268265","828963377"
"3730594256","887528416"
"3731075189","1056469811"
"3731149831","802259581"
"3734191343","716363581"
"3743646576","80190433"
"3746903343","852505034"
"3753047800","662890105"
"3755601420","488345522"
"3757160600","98505176"
"3759483214","111729126"
"3765030571","368131148"
"3765261802","71364058"
"3776281097","411823826"
"3777410797","85098204"
"3781051472","423337684"
"3794496906","363802737"
"3795760219","751039707"
"3797829059","98869873"
"3805600254","608147778"
"3807544649","838639429"
"3807777601","242859032"
"3813146506","505124384"
"3814606774","65863683"
"3829729102","113500154"
"3831384361","458565309"
"3837779660","513841877"
"3841807736","37837930"
"3847058768","890950815"
"3848373260","552108100"
"3850325852","663376194"
"3850588505","70497771"
"3852300566","837731007"
"3853064718","29415032"
"3854257487","185614825"
"3858585323","427967198"
"3861856991","741328294"
"3863361683","655300175"
"3863722012","58308338"
"3864939535","808004267"
"3868670544","691663341"
"3871522117","451233556"
"3875362910","810660074"
"3875676964","597159216"
"3876381483","428827628"
"3878583011","476955225"
"3881717218","629272901"
"3883163434","945081688"
"3884741516","492810358"
"3886353419","767713177"
"3889328532","418038040"
"3890666327","27913819"
"3892140593","1019410537"
"3898494805","929737721"
"3899459450","84224305"
"3899815136","173804479"
"3908477461","357499262"
"3908918180","189592820"
"3913212314","117099946"
"3915152166","322562867"
"3916310647","919809908"
"3918231942","616200977"
"3925695767","372748910"
"3927113135","810432618"
"3929961970","308025054"
"3931238987","67786355"
"3936178944","691107479"
"3942473354","935375167"
"3952962426","1028709076"
"3953852459","880045577"
"3956623046","142288905"
"3959251069","127439557"
"3960852780","860477649"
"3962173152","141993388"
"3963117095","540272422"
"3967908326","372195114"
"3970474506","854999758"
"3975796586","511530878"
"3975845619","1012521954"
"3979850812","514782099"
"3993663415","156307247"
"3995398616","752129565"
"3996237741","54539135"
"4000692579","950474304"
"4003109492","122349507"
"4015361465","121198529"
"4023402410","698856192"
"4031323964","1034835650"
"4034131053","909621462"
"4034619510","924741778"
"4035670479","657586407"
"4036653965","373031419"
"4038765194","417132472"
"4039136822","417031377"
"4040727414","940612085"
"4049020764","677153161"
"4049253815","77189668"
"4050367605","461549682"
"4057173924","507712987"
"4064669406","439861703"
"4066104864","675710593"
"4072904601","695578070"
"4075664581","200313469"
"4079193070","51257507"
"4083146248","8403707"
"4085672706","838063337"
"4086403663","907947650"
"4087100871","673890723"
"4088963331","917400977"
"4089630560","621527043"
"4090597759","1057776980"
"4091220511","352045557"
"4092550239","298785601"
"4096176545","804329181"
"4098146400","85174057"
"4098696352","366120782"
"4098696355","305234010"
"4099172628","882675558"
"4099717292","232372942"
"4113554739","243781063"
"4113670582","1000241874"
"4118503156","105792638"
"4124481269","770738767"
"4126474980","816621541"
"4132081626","805882330"
"4136989120","58758370"
"4147364746","954737384"
"4152934995","288504288"
"4170034684","868473525"
"4171190778","808085775"
"4180734828","428172928"
"4182485301","486493815"
"4184360097","862407173"
"4185062212","259592355"
"4188982040","757895466"
"4195663230","1047410545"
"4197952617","209223848"
"4199303464","581690625"
"4203819135","692325295"
"4204525109","243830103"
"4215094191","676582836"
"4219419473","100341852"
"4220090520","1032174473"
"4237386718","899436648"
"4241491319","855813577"
"4244135680","36112154"
"4251383320","596480535"
"4254817407","813007085"
"4255974394","232325316"
"4260516122","1048763116"
"4265195766","1023346379"
"4268665587","433083335"
"4277324593","523319882"
"4277573525","607477983"
"4277974997","268038337"
"4282983607","490717533"
