"EventID","ActionID","SoundID","SourceID","WEM","StreamType","Status"
"6101757","644467920","267473630","194110632","194110632.wem","1","COMPLETE"
"13142580","51523396","608042004","418024896","418024896.wem","1","COMPLETE"
"14107373","162280588","877794139","145630016","145630016.wem","1","COMPLETE"
"15524057","22341881","820328157","883334655","883334655.wem","1","COMPLETE"
"21816622","32460704","780178376","610558789","610558789.wem","1","COMPLETE"
"25410473","403124118","774990946","888850491","888850491.wem","1","COMPLETE"
"26469050","401939776","771562498","1035824601","1035824601.wem","1","COMPLETE"
"29382661","218392660","816859556","868639152","868639152.wem","1","COMPLETE"
"30263741","723617978","859770189","687952756","687952756.wem","1","COMPLETE"
"30829860","1038272151","1070363325","1042630073","1042630073.wem","1","COMPLETE"
"32367478","425774298","403895934","672084372","672084372.wem","1","COMPLETE"
"32947030","123702919","535357353","471584944","471584944.wem","1","COMPLETE"
"34241672","227812407","375562660","718012839","718012839.wem","2","COMPLETE"
"37023884","1003340774","56078658","726089987","726089987.wem","1","COMPLETE"
"38922982","120298763","755606733","159921588","159921588.wem","2","COMPLETE"
"41015416","655422662","265622055","927057568","927057568.wem","1","COMPLETE"
"41160056","271803665","291864555","272200703","272200703.wem","2","COMPLETE"
"51427270","134248600","780746062","393759497","393759497.wem","1","COMPLETE"
"56395845","438149503","406602012","139313318","139313318.wem","1","COMPLETE"
"64470697","594959497","402319831","174011257","174011257.wem","1","COMPLETE"
"67663027","808018788","218754862","984367350","984367350.wem","1","COMPLETE"
"82386634","277069325","594313523","162031974","162031974.wem","1","COMPLETE"
"87081233","874179820","427451876","79594765","79594765.wem","1","COMPLETE"
"95586499","169232804","506509550","876947983","876947983.wem","1","COMPLETE"
"96887312","728346743","709903674","980652201","980652201.wem","1","COMPLETE"
"98289929","974433607","360567073","61738747","61738747.wem","1","COMPLETE"
"98497593","384893626","868551262","327111786","327111786.wem","1","COMPLETE"
"101998563","266165165","279493910","1037913307","1037913307.wem","1","COMPLETE"
"107603366","310305095","139652137","272772371","272772371.wem","1","COMPLETE"
"111673343","974748351","567837998","1068329219","1068329219.wem","1","COMPLETE"
"112551792","737897573","907096513","337206063","337206063.wem","2","COMPLETE"
"119414710","457007576","500806800","789495999","789495999.wem","1","COMPLETE"
"127341612","144477204","461646817","803570338","803570338.wem","1","COMPLETE"
"135549706","359206802","290330782","278962303","278962303.wem","1","COMPLETE"
"136739787","504164402","1033692510","754082385","754082385.wem","1","COMPLETE"
"139847862","339863669","484649340","820023170","820023170.wem","1","COMPLETE"
"143839951","967150815","204055352","1059961648","1059961648.wem","1","COMPLETE"
"144857377","311242595","649048986","339751913","339751913.wem","1","COMPLETE"
"145728859","636413734","976653760","429713486","429713486.wem","2","COMPLETE"
"147666893","444084901","593318592","583113460","583113460.wem","1","COMPLETE"
"157576115","536449944","161155323","842102351","842102351.wem","1","COMPLETE"
"159955756","109491825","270720598","558462656","558462656.wem","2","COMPLETE"
"162858554","937801278","235759430","215314467","215314467.wem","1","COMPLETE"
"169273295","346206699","432798228","181324910","181324910.wem","1","COMPLETE"
"171366236","432709169","594238290","676334691","676334691.wem","1","COMPLETE"
"174778460","584152871","944743452","291892974","291892974.wem","1","COMPLETE"
"176639534","185855875","675390096","505575962","505575962.wem","1","COMPLETE"
"180893011","950431407","544700237","1032112512","1032112512.wem","1","COMPLETE"
"182032149","453269945","763685314","939132931","939132931.wem","1","COMPLETE"
"183070853","954755627","350874972","545688649","545688649.wem","1","COMPLETE"
"184467978","257576932","910173754","99395565","99395565.wem","2","COMPLETE"
"188116871","345774950","119052737","24774449","24774449.wem","1","COMPLETE"
"190029786","1007140816","878987137","846965701","846965701.wem","1","COMPLETE"
"193351199","342704997","831564288","70106595","70106595.wem","1","COMPLETE"
"195402501","4926239","74105596","316454681","316454681.wem","1","COMPLETE"
"197552483","144821061","784775452","625985248","625985248.wem","1","COMPLETE"
"208209033","116632589","167701185","892470400","892470400.wem","1","COMPLETE"
"212496226","276285837","722094028","1008196753","1008196753.wem","1","COMPLETE"
"213654886","143765288","582855574","120459133","120459133.wem","1","COMPLETE"
"214616859","875754443","767659049","194330409","194330409.wem","1","COMPLETE"
"217513925","126743150","308205199","802413119","802413119.wem","1","COMPLETE"
"225660079","34411174","996156026","1006709767","1006709767.wem","1","COMPLETE"
"235656402","838567321","192468081","580642956","580642956.wem","1","COMPLETE"
"236789081","58210224","621757154","230796911","230796911.wem","1","COMPLETE"
"252618756","442921647","356182496","419074368","419074368.wem","1","COMPLETE"
"255483752","506128832","370474630","874708357","874708357.wem","1","COMPLETE"
"262679083","573661604","806961882","461795631","461795631.wem","2","COMPLETE"
"264492210","948614272","113777530","243616231","243616231.wem","1","COMPLETE"
"282520146","674163862","698471899","149097461","149097461.wem","1","COMPLETE"
"288511697","512651552","531855588","377506577","377506577.wem","1","COMPLETE"
"288691043","169327410","934822653","695226232","695226232.wem","1","COMPLETE"
"289368195","218043853","439289755","723844794","723844794.wem","1","COMPLETE"
"290900633","64674829","424540536","128616695","128616695.wem","1","COMPLETE"
"291141652","571944126","860983115","219835625","219835625.wem","1","COMPLETE"
"291272750","970145691","371972919","1015723236","1015723236.wem","1","COMPLETE"
"295816390","149540834","966148903","334746582","334746582.wem","2","COMPLETE"
"298844075","1033809923","995832073","618494245","618494245.wem","1","COMPLETE"
"298887401","414451237","92536726","792588876","792588876.wem","1","COMPLETE"
"300711139","242744588","386646869","366751104","366751104.wem","1","COMPLETE"
"303488411","992439976","663829262","471755574","471755574.wem","1","COMPLETE"
"313238683","468451749","1067778833","749918491","749918491.wem","1","COMPLETE"
"313782177","798926590","442588376","623217668","623217668.wem","1","COMPLETE"
"314236228","342063598","974378803","33235221","33235221.wem","1","COMPLETE"
"315063253","607829869","530474755","619319587","619319587.wem","1","COMPLETE"
"316615779","524239045","680002550","206319454","206319454.wem","1","COMPLETE"
"322192348","831867244","870323883","962377788","962377788.wem","1","COMPLETE"
"322299620","402368636","977355748","344423814","344423814.wem","1","COMPLETE"
"322549181","359063730","259448703","974306733","974306733.wem","1","COMPLETE"
"323914157","182337287","166502767","572354245","572354245.wem","1","COMPLETE"
"328531425","629743421","743133992","366831874","366831874.wem","2","COMPLETE"
"334180196","553569529","296170507","514246346","514246346.wem","2","COMPLETE"
"337681072","425096244","280142996","564398809","564398809.wem","1","COMPLETE"
"350822486","782660235","708761017","92791440","92791440.wem","1","COMPLETE"
"351493867","312613068","621432585","691955040","691955040.wem","1","COMPLETE"
"355854794","43874702","777852873","28391928","28391928.wem","1","COMPLETE"
"365444518","191122809","726780359","508384238","508384238.wem","2","COMPLETE"
"370890959","617082004","123421981","123921731","123921731.wem","1","COMPLETE"
"372632509","470505336","704257682","348578007","348578007.wem","1","COMPLETE"
"373633978","217254183","101784772","65816721","65816721.wem","1","COMPLETE"
"385739589","200481864","661397901","824470248","824470248.wem","1","COMPLETE"
"388090327","820191906","953838108","867267413","867267413.wem","1","COMPLETE"
"390402342","454107951","331902469","410268385","410268385.wem","2","COMPLETE"
"392409208","352615041","294611282","796883833","796883833.wem","1","COMPLETE"
"408058706","85614022","724083785","329734131","329734131.wem","1","COMPLETE"
"409633238","476159388","577786982","348670091","348670091.wem","1","COMPLETE"
"410603206","919029815","792968165","281326780","281326780.wem","1","COMPLETE"
"412114493","161013131","150813176","441636163","441636163.wem","1","COMPLETE"
"422724153","677404689","438634294","823705667","823705667.wem","2","COMPLETE"
"428771288","62223399","431125421","332168452","332168452.wem","1","COMPLETE"
"430148789","515707525","1042257467","871360798","871360798.wem","1","COMPLETE"
"430286511","328787007","968952862","836859547","836859547.wem","2","COMPLETE"
"439133687","807301284","751659437","1001401885","1001401885.wem","1","COMPLETE"
"443344513","814270652","860883835","664929149","664929149.wem","1","COMPLETE"
"445725939","921355050","409221098","561015116","561015116.wem","1","COMPLETE"
"451633249","546948177","727964422","388419407","388419407.wem","1","COMPLETE"
"451855521","713365609","133451766","560912128","560912128.wem","1","COMPLETE"
"452339529","848367069","770527150","849736638","849736638.wem","1","COMPLETE"
"454883748","856477663","120945987","28397653","28397653.wem","0","COMPLETE"
"457640162","264630181","236830479","41098152","41098152.wem","1","COMPLETE"
"457953562","199148310","212466701","1063776406","1063776406.wem","2","COMPLETE"
"459810690","1037732648","428424277","192194498","192194498.wem","1","COMPLETE"
"466064885","458623902","397778134","987869067","987869067.wem","1","COMPLETE"
"469420281","773359881","556568230","934459535","934459535.wem","1","COMPLETE"
"472807604","163174556","376261092","979544947","979544947.wem","1","COMPLETE"
"482386245","90334564","505593832","271969660","271969660.wem","1","COMPLETE"
"486807543","884056736","807673703","246609026","246609026.wem","2","COMPLETE"
"488069790","840304788","146623261","639975831","639975831.wem","1","COMPLETE"
"496774474","740625598","245719918","162530994","162530994.wem","1","COMPLETE"
"499856114","362913125","872540562","1027092084","1027092084.wem","1","COMPLETE"
"506353323","399000848","422566295","526885551","526885551.wem","1","COMPLETE"
"506953500","178446032","917952391","45145384","45145384.wem","1","COMPLETE"
"506962629","2285844","656397272","897931311","897931311.wem","1","COMPLETE"
"513457386","395042076","371614362","211866321","211866321.wem","1","COMPLETE"
"514196655","154317386","889527213","991998568","991998568.wem","1","COMPLETE"
"514833756","264084814","361914675","637882652","637882652.wem","1","COMPLETE"
"516979957","127325908","586439977","743117923","743117923.wem","1","COMPLETE"
"520030803","669476803","19131970","972858731","972858731.wem","1","COMPLETE"
"524659688","389434333","578589341","616565789","616565789.wem","2","COMPLETE"
"530626252","585750462","681370881","1040911784","1040911784.wem","2","COMPLETE"
"532582046","787819237","181976729","1068184009","1068184009.wem","1","COMPLETE"
"536891249","182088830","390275823","338807096","338807096.wem","1","COMPLETE"
"538553527","958893593","340289213","473254968","473254968.wem","1","COMPLETE"
"543797147","351769556","1065786895","966190588","966190588.wem","1","COMPLETE"
"548935516","383288426","547014407","1018531196","1018531196.wem","1","COMPLETE"
"552504920","730966312","97372912","25842541","25842541.wem","1","COMPLETE"
"553178007","356513038","840611687","826928329","826928329.wem","1","COMPLETE"
"557415264","1001606178","301081133","372538656","372538656.wem","1","COMPLETE"
"559207374","80678536","653275365","606607172","606607172.wem","1","COMPLETE"
"560000398","228036317","494982466","525609901","525609901.wem","1","COMPLETE"
"564451442","271472641","1043914911","488360730","488360730.wem","1","COMPLETE"
"564717827","341299456","16964629","1007862950","1007862950.wem","1","COMPLETE"
"576853596","760931534","694321162","810336999","810336999.wem","1","COMPLETE"
"587493526","855680118","535994196","294748920","294748920.wem","1","COMPLETE"
"590353631","971135927","890447449","273701221","273701221.wem","1","COMPLETE"
"602792762","994157173","458932156","368819908","368819908.wem","1","COMPLETE"
"616096848","1013584678","823005612","840613763","840613763.wem","1","COMPLETE"
"617366962","645856872","1044247113","589745889","589745889.wem","1","COMPLETE"
"621626967","470033827","583130529","609442118","609442118.wem","1","COMPLETE"
"624407467","435747753","21268001","417658502","417658502.wem","1","COMPLETE"
"629627779","990040243","599798216","874935267","874935267.wem","2","COMPLETE"
"630712938","93284787","1040271199","358279764","358279764.wem","1","COMPLETE"
"631594570","573687731","98560662","590295318","590295318.wem","1","COMPLETE"
"638557300","87355320","455134188","452233968","452233968.wem","1","COMPLETE"
"642354608","815749185","500485454","11950871","11950871.wem","1","COMPLETE"
"655065823","203759134","14243670","121985976","121985976.wem","1","COMPLETE"
"659602759","889739615","985886388","234171837","234171837.wem","1","COMPLETE"
"659623749","427696188","734488198","231591266","231591266.wem","1","COMPLETE"
"663075787","1041054440","866056494","252305306","252305306.wem","1","COMPLETE"
"664984808","933768584","743518314","8118526","8118526.wem","1","COMPLETE"
"666419965","137678310","410299001","596342624","596342624.wem","1","COMPLETE"
"681762395","985071126","159629790","232476450","232476450.wem","1","COMPLETE"
"685778101","519645209","740559103","210412192","210412192.wem","1","COMPLETE"
"692046863","177542508","137229156","820152014","820152014.wem","1","COMPLETE"
"698539982","310126389","757938650","898503064","898503064.wem","1","COMPLETE"
"705811338","59863403","931664761","374071736","374071736.wem","1","COMPLETE"
"713792928","365269730","185078017","581710097","581710097.wem","1","COMPLETE"
"714608406","143003634","753586251","495764015","495764015.wem","1","COMPLETE"
"715266223","83417245","796738641","460416727","460416727.wem","1","COMPLETE"
"715317665","576500210","215231180","1013214237","1013214237.wem","1","COMPLETE"
"718132085","398703830","411771121","137581498","137581498.wem","1","COMPLETE"
"721567578","1002138588","209336428","227431214","227431214.wem","1","COMPLETE"
"722932579","46833015","484374052","262509221","262509221.wem","1","COMPLETE"
"727153423","415060198","368332598","956882359","956882359.wem","1","COMPLETE"
"734875933","525715168","871083681","453883104","453883104.wem","1","COMPLETE"
"735708210","849915144","690981904","233438342","233438342.wem","2","COMPLETE"
"737463583","178740520","600570182","583111496","583111496.wem","1","COMPLETE"
"741324889","618990327","1016798692","655167511","655167511.wem","2","COMPLETE"
"747866375","994430967","74671635","6141113","6141113.wem","1","COMPLETE"
"758562845","264423618","114240140","963567431","963567431.wem","1","COMPLETE"
"766366758","824479137","311465505","1069557766","1069557766.wem","1","COMPLETE"
"766606842","391164112","996095719","352232437","352232437.wem","1","COMPLETE"
"768058934","772833276","443673002","139219960","139219960.wem","1","COMPLETE"
"773607919","915427969","476802863","14441920","14441920.wem","1","COMPLETE"
"773998049","687023767","364268165","890121176","890121176.wem","1","COMPLETE"
"781885249","714337614","15654722","16292482","16292482.wem","1","COMPLETE"
"783384429","217451650","224432125","633207798","633207798.wem","1","COMPLETE"
"784526517","468595252","47553081","651223136","651223136.wem","1","COMPLETE"
"785376192","71422919","503527469","51534216","51534216.wem","1","COMPLETE"
"791690232","144700501","653534574","770679657","770679657.wem","1","COMPLETE"
"797081514","669172539","856573065","1016042812","1016042812.wem","1","COMPLETE"
"802631416","694764823","790485450","18029859","18029859.wem","1","COMPLETE"
"803827908","407076703","319902802","62506718","62506718.wem","1","COMPLETE"
"808574123","629352567","1051400346","800696960","800696960.wem","1","COMPLETE"
"810527948","701062725","866886943","739960959","739960959.wem","2","COMPLETE"
"819836569","552454079","437778220","927341555","927341555.wem","1","COMPLETE"
"827981070","93018469","44257957","892162788","892162788.wem","1","COMPLETE"
"828420738","40080207","2039034","219721614","219721614.wem","1","COMPLETE"
"830793807","93754289","163880291","744639936","744639936.wem","1","COMPLETE"
"837529575","485369732","826275070","701213895","701213895.wem","1","COMPLETE"
"842795069","823387283","996552317","757009109","757009109.wem","1","COMPLETE"
"843242020","124590272","927406529","941899465","941899465.wem","1","COMPLETE"
"847240895","1068402534","692689691","781960931","781960931.wem","1","COMPLETE"
"855523534","238207234","190592017","206085556","206085556.wem","1","COMPLETE"
"857773442","741853050","470207270","289770978","289770978.wem","1","COMPLETE"
"869614451","1022207924","355277542","697282788","697282788.wem","2","COMPLETE"
"871119112","1070775695","468665090","530692136","530692136.wem","1","COMPLETE"
"872444375","874530826","367392272","192487085","192487085.wem","1","COMPLETE"
"874710010","597829458","1042035163","75298720","75298720.wem","1","COMPLETE"
"876048696","138214523","227273400","751737961","751737961.wem","1","COMPLETE"
"877273515","881512523","457191611","720617396","720617396.wem","1","COMPLETE"
"883889954","723039354","321721880","16413068","16413068.wem","1","COMPLETE"
"890264209","1024520856","419093624","755501008","755501008.wem","2","COMPLETE"
"892407898","410518979","543135872","228038233","228038233.wem","1","COMPLETE"
"892826283","518025656","888018491","679458430","679458430.wem","1","COMPLETE"
"895770820","248079896","455447582","1012272758","1012272758.wem","2","COMPLETE"
"896392388","886073168","574033701","494989785","494989785.wem","1","COMPLETE"
"897629957","818887915","820342832","589192513","589192513.wem","1","COMPLETE"
"898193892","522389761","320174968","140429898","140429898.wem","2","COMPLETE"
"898631400","781021849","1060364789","753076740","753076740.wem","1","COMPLETE"
"898631403","448464765","147618033","28006126","28006126.wem","1","COMPLETE"
"904176116","902255790","964549398","941504960","941504960.wem","1","COMPLETE"
"909603870","1043784522","1062181540","578006395","578006395.wem","1","COMPLETE"
"917395916","176807702","166230512","843034458","843034458.wem","1","COMPLETE"
"919961890","672759702","526438744","853338107","853338107.wem","1","COMPLETE"
"921712153","738775511","292070745","619268756","619268756.wem","1","COMPLETE"
"923082130","650024790","622513652","928373896","928373896.wem","1","COMPLETE"
"924194555","391399882","739675176","1042118390","1042118390.wem","1","COMPLETE"
"926381553","831342287","826545595","1002118069","1002118069.wem","1","COMPLETE"
"929252235","139077089","215231176","493722911","493722911.wem","1","COMPLETE"
"934411688","203041246","308496167","534780668","534780668.wem","1","COMPLETE"
"935501094","742632920","388109555","258438692","258438692.wem","1","COMPLETE"
"935831808","987576666","755573998","401643321","401643321.wem","2","COMPLETE"
"942616954","186889187","568766156","56270695","56270695.wem","1","COMPLETE"
"943159140","606858460","295645005","970401893","970401893.wem","1","COMPLETE"
"943478013","73878643","729392113","285607759","285607759.wem","2","COMPLETE"
"946331634","494268556","634330574","115875410","115875410.wem","2","COMPLETE"
"948735758","354406134","608177259","704692640","704692640.wem","2","COMPLETE"
"948850232","529577284","753669514","953956546","953956546.wem","1","COMPLETE"
"948900277","996932999","618976622","833910343","833910343.wem","1","COMPLETE"
"952301461","541919175","838947076","384020408","384020408.wem","1","COMPLETE"
"959936727","182873655","133404495","272253548","272253548.wem","1","COMPLETE"
"961366360","926753534","336151759","548631672","548631672.wem","1","COMPLETE"
"962791485","339693481","721661854","958186655","958186655.wem","1","COMPLETE"
"973348405","249034661","989937905","410333338","410333338.wem","1","COMPLETE"
"974394456","675431224","228287153","439818420","439818420.wem","1","COMPLETE"
"976276603","324257062","535164167","486742604","486742604.wem","1","COMPLETE"
"976714314","892735653","322786594","176239191","176239191.wem","1","COMPLETE"
"985175208","359260679","276726676","433222527","433222527.wem","1","COMPLETE"
"985249731","261005986","380986806","702379328","702379328.wem","1","COMPLETE"
"992571404","580202707","18983951","162811341","162811341.wem","1","COMPLETE"
"993420852","881982948","242094586","836242656","836242656.wem","1","COMPLETE"
"996111595","833855978","212615185","596333364","596333364.wem","1","COMPLETE"
"999914252","104386796","645383988","185250707","185250707.wem","1","COMPLETE"
"1002245071","304837812","742844861","465789938","465789938.wem","1","COMPLETE"
"1007539908","300677048","111912769","1022616284","1022616284.wem","1","COMPLETE"
"1015092084","675543373","744084639","410655110","410655110.wem","1","COMPLETE"
"1019406461","443491341","501279652","23618156","23618156.wem","1","COMPLETE"
"1023816105","71788913","896754212","461263734","461263734.wem","1","COMPLETE"
"1025704988","659951917","724521334","1007923018","1007923018.wem","1","COMPLETE"
"1026393231","627744424","9484002","323982226","323982226.wem","1","COMPLETE"
"1032886942","398313346","188229006","731194467","731194467.wem","1","COMPLETE"
"1036583518","36118526","732053180","846936539","846936539.wem","1","COMPLETE"
"1037781457","564605524","265300516","54151231","54151231.wem","1","COMPLETE"
"1040802652","584181906","777064904","917369937","917369937.wem","1","COMPLETE"
"1042666289","363998529","759985361","829903043","829903043.wem","1","COMPLETE"
"1045436160","859063789","499257815","144853272","144853272.wem","1","COMPLETE"
"1049614177","108896294","115093971","1010472104","1010472104.wem","1","COMPLETE"
"1051333534","996584893","922199512","300764624","300764624.wem","1","COMPLETE"
"1058333261","850774174","484642107","338048439","338048439.wem","1","COMPLETE"
"1062811373","934035726","125136992","531151495","531151495.wem","1","COMPLETE"
"1064408926","645333464","143840629","646898170","646898170.wem","1","COMPLETE"
"1074146810","344433556","994218871","98552437","98552437.wem","1","COMPLETE"
"1076133838","731485791","304380630","911543220","911543220.wem","2","COMPLETE"
"1077489726","526130858","9002135","772188202","772188202.wem","1","COMPLETE"
"1084431539","383922212","616079477","801833393","801833393.wem","1","COMPLETE"
"1092904881","953086152","523817968","233546027","233546027.wem","1","COMPLETE"
"1098029512","930110057","634519766","90880483","90880483.wem","1","COMPLETE"
"1103764628","713202528","635194493","800015293","800015293.wem","1","COMPLETE"
"1104264977","751108522","90479594","774219807","774219807.wem","1","COMPLETE"
"1106187016","299359","220944009","647714753","647714753.wem","1","COMPLETE"
"1107099532","449868558","314270197","556780192","556780192.wem","1","COMPLETE"
"1107948250","605958934","24704316","342371862","342371862.wem","1","COMPLETE"
"1113986245","970350021","823356542","80944288","80944288.wem","1","COMPLETE"
"1116762280","1013882837","258833419","715683777","715683777.wem","1","COMPLETE"
"1117508467","911620461","8894136","694355849","694355849.wem","1","COMPLETE"
"1122296726","134134317","644460074","286033145","286033145.wem","1","COMPLETE"
"1124702214","830067575","418772344","299604590","299604590.wem","1","COMPLETE"
"1125519507","601154151","604785067","272522425","272522425.wem","2","COMPLETE"
"1126614114","1040170917","942563278","185799516","185799516.wem","1","COMPLETE"
"1131517247","133049835","176181447","166581581","166581581.wem","1","COMPLETE"
"1134099512","728299103","503277845","739343470","739343470.wem","1","COMPLETE"
"1134230665","766406028","6922791","661007727","661007727.wem","1","COMPLETE"
"1134550596","481443289","77120452","394844575","394844575.wem","1","COMPLETE"
"1141408562","713782570","824028212","736766333","736766333.wem","1","COMPLETE"
"1145372844","827069251","461091907","583620332","583620332.wem","1","COMPLETE"
"1147976870","583036020","168299508","876965456","876965456.wem","1","COMPLETE"
"1149751009","1033274283","755064832","346829381","346829381.wem","2","COMPLETE"
"1153101288","1007007993","120729097","556011718","556011718.wem","1","COMPLETE"
"1162766374","1066509000","103998348","697193758","697193758.wem","2","COMPLETE"
"1168415400","160586201","740703839","760776751","760776751.wem","1","COMPLETE"
"1172112788","345868907","498453443","233018484","233018484.wem","1","COMPLETE"
"1172115686","670358953","255016466","623153603","623153603.wem","2","COMPLETE"
"1175821568","326223472","337891011","196366528","196366528.wem","1","COMPLETE"
"1176830298","98908671","368060615","438170191","438170191.wem","1","COMPLETE"
"1181181451","145569852","408759120","561179109","561179109.wem","1","COMPLETE"
"1185430639","751371040","64276441","605166869","605166869.wem","1","COMPLETE"
"1188555628","849137564","203574859","179329367","179329367.wem","1","COMPLETE"
"1192026671","314103222","668081205","1019216425","1019216425.wem","1","COMPLETE"
"1198737572","365629827","597156993","184517543","184517543.wem","1","COMPLETE"
"1204866844","232683145","67889318","537768246","537768246.wem","1","COMPLETE"
"1207874832","317894615","228056663","910243833","910243833.wem","1","COMPLETE"
"1213289082","391161149","714851924","20696694","20696694.wem","2","COMPLETE"
"1219022389","235024408","473532462","398622759","398622759.wem","2","COMPLETE"
"1220812717","1035530909","570353536","876612086","876612086.wem","1","COMPLETE"
"1226176244","189250353","15049488","990261344","990261344.wem","1","COMPLETE"
"1230411843","239157836","21594974","878999912","878999912.wem","1","COMPLETE"
"1232370383","919574694","969254776","607257319","607257319.wem","1","COMPLETE"
"1233060146","33338827","31196658","430086978","430086978.wem","1","COMPLETE"
"1235739457","776138631","587941775","371394614","371394614.wem","2","COMPLETE"
"1236526983","691141048","312914597","448827065","448827065.wem","2","COMPLETE"
"1236597399","559150887","879486849","286377453","286377453.wem","1","COMPLETE"
"1241761502","413411601","71242924","760561591","760561591.wem","1","COMPLETE"
"1249509908","977857989","637038126","201433572","201433572.wem","2","COMPLETE"
"1250519000","144869620","312438050","1064404150","1064404150.wem","1","COMPLETE"
"1252065011","545133488","290187465","443826166","443826166.wem","1","COMPLETE"
"1252812179","812256275","1013517402","353841134","353841134.wem","2","COMPLETE"
"1253117252","977360908","101371365","326337733","326337733.wem","1","COMPLETE"
"1258724443","238134403","79167144","1050251054","1050251054.wem","1","COMPLETE"
"1263935166","159079101","857964692","920202335","920202335.wem","2","COMPLETE"
"1266889977","140937819","132908039","731303406","731303406.wem","1","COMPLETE"
"1270361140","283979803","472143845","788169647","788169647.wem","1","COMPLETE"
"1273019539","278999721","202487759","777512750","777512750.wem","1","COMPLETE"
"1276233748","856415100","84044586","258541100","258541100.wem","1","COMPLETE"
"1279633228","762166880","768792658","35991868","35991868.wem","1","COMPLETE"
"1282059124","549703120","506622031","529048438","529048438.wem","1","COMPLETE"
"1289065688","998873592","571182963","300465557","300465557.wem","1","COMPLETE"
"1295266950","276462060","48322268","1050544152","1050544152.wem","1","COMPLETE"
"1300393513","224936983","945672588","233358959","233358959.wem","1","COMPLETE"
"1302635520","249377762","549456114","415572436","415572436.wem","1","COMPLETE"
"1312168736","395795933","701034815","511045932","511045932.wem","1","COMPLETE"
"1333972682","897543627","629611683","244321865","244321865.wem","1","COMPLETE"
"1337526250","944977325","582368397","578909285","578909285.wem","1","COMPLETE"
"1337998135","1042833519","826777738","731848657","731848657.wem","2","COMPLETE"
"1342192736","253431697","532225781","809326529","809326529.wem","1","COMPLETE"
"1343018128","922101443","548914766","441969863","441969863.wem","1","COMPLETE"
"1343733178","337418438","927272582","508042368","508042368.wem","1","COMPLETE"
"1344103095","576496048","960943702","846917398","846917398.wem","2","COMPLETE"
"1347458514","186615950","101003551","884181245","884181245.wem","1","COMPLETE"
"1351242622","350053389","320504048","336600463","336600463.wem","1","COMPLETE"
"1352144180","704120089","669372916","894548271","894548271.wem","1","COMPLETE"
"1352333665","364004938","1043455568","822250269","822250269.wem","1","COMPLETE"
"1354894830","535209366","83948682","861286715","861286715.wem","1","COMPLETE"
"1358970323","489121831","989741814","409047569","409047569.wem","1","COMPLETE"
"1365390753","446606886","257354705","442044236","442044236.wem","1","COMPLETE"
"1371672385","428612610","107855291","753629622","753629622.wem","1","COMPLETE"
"1372482124","61788524","603152965","711877029","711877029.wem","1","COMPLETE"
"1373325719","368020843","260067330","858928381","858928381.wem","1","COMPLETE"
"1374922702","1068684430","555258558","729496704","729496704.wem","1","COMPLETE"
"1375747910","642765473","260348761","530969235","530969235.wem","1","COMPLETE"
"1388450100","178419983","597533131","89428262","89428262.wem","1","COMPLETE"
"1390311530","738812322","319887933","1018412350","1018412350.wem","1","COMPLETE"
"1392525625","178367285","1020402028","1059620240","1059620240.wem","1","COMPLETE"
"1395982077","793160162","750376927","478782204","478782204.wem","1","COMPLETE"
"1397048244","537182171","93680457","579883385","579883385.wem","1","COMPLETE"
"1402918832","298596891","690193247","167945959","167945959.wem","1","COMPLETE"
"1405227687","445898433","107351660","854499199","854499199.wem","1","COMPLETE"
"1409303212","898215708","871927467","820757872","820757872.wem","1","COMPLETE"
"1422005274","478655467","490656433","1002356841","1002356841.wem","1","COMPLETE"
"1426080799","712454948","131341758","974657530","974657530.wem","1","COMPLETE"
"1426591463","786579461","956460793","538302831","538302831.wem","1","COMPLETE"
"1426861212","505799495","764403018","284086785","284086785.wem","1","COMPLETE"
"1426877476","844588223","618740437","688166578","688166578.wem","1","COMPLETE"
"1429877993","265058403","995042558","23415599","23415599.wem","1","COMPLETE"
"1430980234","194795974","946172433","846685508","846685508.wem","2","COMPLETE"
"1433688653","44802052","236350761","481223653","481223653.wem","1","COMPLETE"
"1434959409","202874251","472137787","150649308","150649308.wem","1","COMPLETE"
"1434959410","294741614","838233963","255875212","255875212.wem","1","COMPLETE"
"1438638617","889309060","763195930","833202924","833202924.wem","2","COMPLETE"
"1438782861","547860278","666030736","752327521","752327521.wem","1","COMPLETE"
"1442858482","458649672","37611876","757292548","757292548.wem","1","COMPLETE"
"1449448340","263856076","1036449577","2575341","2575341.wem","1","COMPLETE"
"1449599358","902875706","998338293","324489994","324489994.wem","1","COMPLETE"
"1459636069","516516145","889058608","853491826","853491826.wem","1","COMPLETE"
"1460143611","205935179","385351221","336164338","336164338.wem","1","COMPLETE"
"1462588812","208835319","409383760","933900365","933900365.wem","1","COMPLETE"
"1463667292","787319294","300085535","470175939","470175939.wem","1","COMPLETE"
"1464506463","1045509450","230611780","717250427","717250427.wem","2","COMPLETE"
"1467204419","218565073","267389728","86008251","86008251.wem","1","COMPLETE"
"1472355436","966018431","136052919","68392483","68392483.wem","1","COMPLETE"
"1475671394","1072472205","1055461642","798490929","798490929.wem","1","COMPLETE"
"1476413656","924379110","477459611","793668433","793668433.wem","1","COMPLETE"
"1477756927","950272388","587799451","54204748","54204748.wem","1","COMPLETE"
"1477902024","948709598","173918181","175393690","175393690.wem","1","COMPLETE"
"1492325161","326843746","760731484","958740332","958740332.wem","1","COMPLETE"
"1493056630","641044259","847070882","1032521899","1032521899.wem","1","COMPLETE"
"1493191243","164036162","1032978047","273544445","273544445.wem","1","COMPLETE"
"1495675248","655895176","699732404","661524582","661524582.wem","1","COMPLETE"
"1497286621","128065732","1042806552","357489160","357489160.wem","1","COMPLETE"
"1499399721","756736741","625381198","724317941","724317941.wem","1","COMPLETE"
"1503649457","98354924","650450056","499650297","499650297.wem","1","COMPLETE"
"1504001219","801788045","456172947","929730082","929730082.wem","1","COMPLETE"
"1504815003","25101986","366616315","212234175","212234175.wem","1","COMPLETE"
"1506958271","1064049449","330774367","465962432","465962432.wem","1","COMPLETE"
"1514642882","414394438","537527083","622342419","622342419.wem","1","COMPLETE"
"1522166924","133277949","734909783","751516442","751516442.wem","1","COMPLETE"
"1522572093","813372218","690889424","272603742","272603742.wem","1","COMPLETE"
"1525990237","744053099","696179535","200272434","200272434.wem","1","COMPLETE"
"1528523366","760646068","632188632","450167022","450167022.wem","1","COMPLETE"
"1536221796","900878983","334999623","939099692","939099692.wem","1","COMPLETE"
"1537684813","740483147","835605372","631317220","631317220.wem","1","COMPLETE"
"1546929112","798775751","520615931","268592622","268592622.wem","1","COMPLETE"
"1552701547","685200613","504544031","589104479","589104479.wem","1","COMPLETE"
"1562324204","808464622","174883767","214125137","214125137.wem","1","COMPLETE"
"1563170930","589383386","162456240","920129876","920129876.wem","1","COMPLETE"
"1571639502","101690538","852731061","917921297","917921297.wem","1","COMPLETE"
"1572331927","801140388","828913332","627610828","627610828.wem","1","COMPLETE"
"1574635234","401446043","486557715","541461070","541461070.wem","1","COMPLETE"
"1576689665","622991018","123309391","1067575506","1067575506.wem","1","COMPLETE"
"1577743092","869991064","804677276","916018735","916018735.wem","1","COMPLETE"
"1579828519","153631324","794660535","222555717","222555717.wem","1","COMPLETE"
"1583071034","370800526","873603613","408545271","408545271.wem","1","COMPLETE"
"1594075579","877751170","298667061","859504379","859504379.wem","1","COMPLETE"
"1601078373","895019799","131761106","158413004","158413004.wem","1","COMPLETE"
"1602085848","921788012","281566792","738169013","738169013.wem","1","COMPLETE"
"1608268017","439317907","452741127","474969243","474969243.wem","1","COMPLETE"
"1611567706","73901326","33190956","504253636","504253636.wem","1","COMPLETE"
"1617110814","721536814","357816766","496373118","496373118.wem","1","COMPLETE"
"1618754524","220215217","228743787","546302932","546302932.wem","1","COMPLETE"
"1619880322","456669544","973211308","123995673","123995673.wem","2","COMPLETE"
"1622641652","602445161","259359669","666889927","666889927.wem","1","COMPLETE"
"1623751964","586383912","41998588","706545110","706545110.wem","1","COMPLETE"
"1633037808","709815240","529382662","850488335","850488335.wem","1","COMPLETE"
"1635532111","127255270","1070849108","630526577","630526577.wem","1","COMPLETE"
"1638473133","525176844","163143708","618025199","618025199.wem","1","COMPLETE"
"1641840456","160327657","441938970","411497555","411497555.wem","1","COMPLETE"
"1643479121","726696648","102423799","753289531","753289531.wem","1","COMPLETE"
"1647420095","331935054","1004268650","387708242","387708242.wem","1","COMPLETE"
"1650432149","641214543","160487523","781774049","781774049.wem","1","COMPLETE"
"1652309794","868005192","609326816","585691051","585691051.wem","1","COMPLETE"
"1654706174","380542528","275045697","149815371","149815371.wem","1","COMPLETE"
"1658538140","753861775","562954401","800692050","800692050.wem","1","COMPLETE"
"1669087381","984175347","867965916","506775474","506775474.wem","1","COMPLETE"
"1678656149","320709480","30214720","359231875","359231875.wem","1","COMPLETE"
"1682539192","666307177","754436826","451974591","451974591.wem","1","COMPLETE"
"1682644071","581081123","630516632","195325266","195325266.wem","1","COMPLETE"
"1686469442","271833446","705392777","402148274","402148274.wem","1","COMPLETE"
"1703179782","601005225","977406015","286756205","286756205.wem","1","COMPLETE"
"1713556506","782052297","549822694","126988840","126988840.wem","1","COMPLETE"
"1714209092","645973793","166959151","1026098211","1026098211.wem","1","COMPLETE"
"1717726313","844438549","254486690","116629131","116629131.wem","1","COMPLETE"
"1720085796","680692599","389568658","56223722","56223722.wem","1","COMPLETE"
"1722371634","157339673","402736572","431551151","431551151.wem","2","COMPLETE"
"1726545727","451104876","724719174","70532753","70532753.wem","1","COMPLETE"
"1730234253","78573436","434908316","444357559","444357559.wem","1","COMPLETE"
"1735195633","429733557","267818785","681387595","681387595.wem","1","COMPLETE"
"1741796302","138123452","799155005","202756120","202756120.wem","1","COMPLETE"
"1743323282","966995386","986718980","439964722","439964722.wem","1","COMPLETE"
"1746812372","543342245","752031617","301847788","301847788.wem","1","COMPLETE"
"1749608014","325630347","640495257","1009114422","1009114422.wem","1","COMPLETE"
"1758358581","686170800","382245291","38896854","38896854.wem","1","COMPLETE"
"1760100869","590152896","561852758","72740112","72740112.wem","1","COMPLETE"
"1773988251","312924734","31699722","301281303","301281303.wem","1","COMPLETE"
"1780193859","769320702","157758026","581175625","581175625.wem","1","COMPLETE"
"1784868865","331032502","1012368390","700711985","700711985.wem","1","COMPLETE"
"1785910087","853629253","519535934","111213177","111213177.wem","1","COMPLETE"
"1789921568","429373065","1008459272","297588063","297588063.wem","1","COMPLETE"
"1791293920","338238921","6644698","659204516","659204516.wem","1","COMPLETE"
"1795884759","494647886","890943570","1019119805","1019119805.wem","1","COMPLETE"
"1802874610","764500767","374593863","170803105","170803105.wem","1","COMPLETE"
"1803377177","619012009","294067781","513712278","513712278.wem","1","COMPLETE"
"1803499919","646712880","16788436","758290971","758290971.wem","1","COMPLETE"
"1804652044","816258306","140126900","218049326","218049326.wem","1","COMPLETE"
"1810801232","166181361","393884282","344561946","344561946.wem","1","COMPLETE"
"1813021880","528082547","524842254","393504504","393504504.wem","1","COMPLETE"
"1813957771","1005994450","115584472","253103376","253103376.wem","2","COMPLETE"
"1817961936","244158543","731583627","668525710","668525710.wem","1","COMPLETE"
"1819604464","830597988","60666303","145992104","145992104.wem","1","COMPLETE"
"1820028648","937449729","354849125","433983910","433983910.wem","1","COMPLETE"
"1829799467","489748401","237258036","588927754","588927754.wem","1","COMPLETE"
"1829882579","387463766","913804586","722799325","722799325.wem","1","COMPLETE"
"1839952075","541623177","197630926","322706511","322706511.wem","2","COMPLETE"
"1844330254","894525477","994383035","1011669277","1011669277.wem","1","COMPLETE"
"1846577054","286811319","329135068","374410794","374410794.wem","1","COMPLETE"
"1855482301","958923539","78479861","933920771","933920771.wem","1","COMPLETE"
"1860011322","177288494","642708577","968419079","968419079.wem","1","COMPLETE"
"1861719537","253284594","909884954","1050074967","1050074967.wem","1","COMPLETE"
"1863354737","444368724","705239761","298554319","298554319.wem","1","COMPLETE"
"1867356626","47409775","111956764","292303274","292303274.wem","1","COMPLETE"
"1871258074","166913318","151279467","831866575","831866575.wem","2","COMPLETE"
"1871672958","1011949244","1034151084","670881469","670881469.wem","1","COMPLETE"
"1876850065","921177244","252713663","321690469","321690469.wem","1","COMPLETE"
"1881668234","707058839","289373360","157056275","157056275.wem","2","COMPLETE"
"1884936553","417237059","548709061","835897267","835897267.wem","1","COMPLETE"
"1887777798","123807708","580776382","551136483","551136483.wem","1","COMPLETE"
"1892954248","619906170","616214252","658700189","658700189.wem","1","COMPLETE"
"1902089781","844605453","360822654","930831490","930831490.wem","1","COMPLETE"
"1906860155","618667253","724606175","38505124","38505124.wem","1","COMPLETE"
"1909401199","849067476","307213396","709111517","709111517.wem","1","COMPLETE"
"1917077711","993476896","310592170","145401243","145401243.wem","1","COMPLETE"
"1930439428","66161166","859486199","866777626","866777626.wem","1","COMPLETE"
"1930465213","329074691","905264037","439812956","439812956.wem","1","COMPLETE"
"1934276133","317183868","771031349","334279646","334279646.wem","1","COMPLETE"
"1938329411","567450022","758146636","131593931","131593931.wem","1","COMPLETE"
"1939217055","483822953","123592416","1994541","1994541.wem","1","COMPLETE"
"1940083306","1004506336","599985710","110570427","110570427.wem","1","COMPLETE"
"1940251724","275874313","36377255","996950021","996950021.wem","1","COMPLETE"
"1941845740","224680702","33653772","474078733","474078733.wem","1","COMPLETE"
"1944694042","1001942698","646841222","186070293","186070293.wem","1","COMPLETE"
"1949797903","808173497","922486242","740908996","740908996.wem","1","COMPLETE"
"1956862132","740209577","1026165725","591196620","591196620.wem","2","COMPLETE"
"1963702333","88445794","723056549","206482288","206482288.wem","1","COMPLETE"
"1972509326","537897441","1024372567","125264452","125264452.wem","1","COMPLETE"
"1976077404","15861634","691603999","295197945","295197945.wem","2","COMPLETE"
"1983456882","747131993","205832806","238102054","238102054.wem","1","COMPLETE"
"1989624878","719753371","865832192","198261962","198261962.wem","1","COMPLETE"
"1990129782","148702686","117634563","31508959","31508959.wem","1","COMPLETE"
"1992660143","513295419","52310359","816378630","816378630.wem","1","COMPLETE"
"1994858263","680094740","1011153408","431294283","431294283.wem","1","COMPLETE"
"1996812409","92136766","402600680","653461993","653461993.wem","1","COMPLETE"
"1997170894","743394404","195301533","45850526","45850526.wem","1","COMPLETE"
"1998134427","861671967","761970447","382335453","382335453.wem","1","COMPLETE"
"1998478979","836706796","125314462","481015795","481015795.wem","1","COMPLETE"
"1998947918","907058655","670825254","21967293","21967293.wem","1","COMPLETE"
"1999873769","749318015","385559637","959761289","959761289.wem","1","COMPLETE"
"1999882942","794217752","415584878","990676790","990676790.wem","1","COMPLETE"
"2002073954","17647476","120599715","16526771","16526771.wem","1","COMPLETE"
"2019602323","1002093841","76171633","770219451","770219451.wem","1","COMPLETE"
"2020365498","240288780","469538621","187877902","187877902.wem","1","COMPLETE"
"2031079174","1047086543","1066162635","786785770","786785770.wem","1","COMPLETE"
"2033346725","771265617","884934728","896537203","896537203.wem","1","COMPLETE"
"2036711722","180633126","92415574","231986273","231986273.wem","1","COMPLETE"
"2043040516","481413392","559388924","185096493","185096493.wem","2","COMPLETE"
"2045505234","313260858","436289009","630611290","630611290.wem","1","COMPLETE"
"2045784277","197798596","479798742","813163035","813163035.wem","1","COMPLETE"
"2047205724","747358193","589686071","831440145","831440145.wem","1","COMPLETE"
"2048458047","387548517","1045310339","361924852","361924852.wem","1","COMPLETE"
"2063117786","751190128","1052199791","130938459","130938459.wem","1","COMPLETE"
"2063662812","857803967","517401414","918364560","918364560.wem","1","COMPLETE"
"2065687702","1052523197","431685059","778813174","778813174.wem","1","COMPLETE"
"2079483914","489082008","259208342","111938917","111938917.wem","1","COMPLETE"
"2080917968","505100376","989650904","375133198","375133198.wem","1","COMPLETE"
"2084772278","404366928","797942932","1024311381","1024311381.wem","1","COMPLETE"
"2094246697","475752059","288129100","382402011","382402011.wem","2","COMPLETE"
"2097721411","556056099","622845292","431430945","431430945.wem","1","COMPLETE"
"2106127640","86973129","18157117","664790396","664790396.wem","1","COMPLETE"
"2108699618","831490196","937276189","31944517","31944517.wem","1","COMPLETE"
"2112541569","335887006","799488297","206247569","206247569.wem","1","COMPLETE"
"2116105528","125362257","85228790","201897175","201897175.wem","1","COMPLETE"
"2122408708","472103661","948325220","1012365781","1012365781.wem","1","COMPLETE"
"2138555756","265369006","1046109848","860084154","860084154.wem","2","COMPLETE"
"2141212667","156308355","444092858","836270660","836270660.wem","1","COMPLETE"
"2141487084","241039959","709171732","14140737","14140737.wem","1","COMPLETE"
"2141487087","510419037","706504963","503314529","503314529.wem","1","COMPLETE"
"2146288964","737701782","1022786016","164557132","164557132.wem","1","COMPLETE"
"2149964272","589009586","881382546","891536372","891536372.wem","2","COMPLETE"
"2150382821","602183481","837089455","1016239674","1016239674.wem","1","COMPLETE"
"2157606221","19627399","894686532","757582667","757582667.wem","1","COMPLETE"
"2158602490","625237298","181571197","495882292","495882292.wem","1","COMPLETE"
"2169349947","959745924","741971888","468166270","468166270.wem","1","COMPLETE"
"2170363607","654757023","814721112","609473232","609473232.wem","1","COMPLETE"
"2172941058","139357004","507408678","285381545","285381545.wem","1","COMPLETE"
"2176191947","310966579","925360585","613385637","613385637.wem","1","COMPLETE"
"2179394245","462659","222183788","335569914","335569914.wem","1","COMPLETE"
"2180151499","248270881","244633615","105622278","105622278.wem","1","COMPLETE"
"2188338835","324718724","688079221","336743785","336743785.wem","1","COMPLETE"
"2192477699","974974992","215032603","705917216","705917216.wem","1","COMPLETE"
"2196123131","934480855","45630369","122220929","122220929.wem","1","COMPLETE"
"2203305525","450564590","477168486","313851490","313851490.wem","2","COMPLETE"
"2206210113","667202870","499737122","836114481","836114481.wem","1","COMPLETE"
"2214432560","724850733","1014926060","627935293","627935293.wem","1","COMPLETE"
"2222202438","401809353","171524185","821440897","821440897.wem","1","COMPLETE"
"2225380438","748666220","911474382","107137317","107137317.wem","1","COMPLETE"
"2231120800","974264761","1073725359","638460096","638460096.wem","1","COMPLETE"
"2231210147","1041478184","888097612","503584387","503584387.wem","1","COMPLETE"
"2232773451","294511946","444779312","815062021","815062021.wem","1","COMPLETE"
"2232931059","300490372","792647131","970479669","970479669.wem","1","COMPLETE"
"2236051832","1006651323","549028734","919374362","919374362.wem","1","COMPLETE"
"2239595267","299213525","893424268","48753438","48753438.wem","1","COMPLETE"
"2240133296","818915967","644162243","549141893","549141893.wem","1","COMPLETE"
"2247987734","811375382","737904414","677993324","677993324.wem","1","COMPLETE"
"2252829419","537744300","17627223","959203466","959203466.wem","1","COMPLETE"
"2254319328","126601414","7886798","367584962","367584962.wem","1","COMPLETE"
"2255405928","657169454","166780425","597905619","597905619.wem","1","COMPLETE"
"2255500328","544423684","523399982","866332544","866332544.wem","1","COMPLETE"
"2258699595","50072444","567810603","15806715","15806715.wem","1","COMPLETE"
"2264765321","115570955","513049966","224466364","224466364.wem","1","COMPLETE"
"2269607006","639724389","85066016","979556710","979556710.wem","1","COMPLETE"
"2272354181","1054670987","326090636","176314973","176314973.wem","1","COMPLETE"
"2274820042","796908199","255545802","127357609","127357609.wem","1","COMPLETE"
"2274920882","499795281","1054576909","795110502","795110502.wem","2","COMPLETE"
"2279423190","145310568","817780129","640595667","640595667.wem","1","COMPLETE"
"2281543036","412906360","518173738","157581541","157581541.wem","1","COMPLETE"
"2281971384","948641052","985621077","492451819","492451819.wem","1","COMPLETE"
"2286384689","765823039","529062363","938191861","938191861.wem","1","COMPLETE"
"2288032229","110693190","659695047","122381597","122381597.wem","1","COMPLETE"
"2290542269","837960197","775939392","557983551","557983551.wem","1","COMPLETE"
"2298320623","518024199","649253422","579137320","579137320.wem","1","COMPLETE"
"2300763553","552646575","190956361","485350741","485350741.wem","1","COMPLETE"
"2303162276","134239707","925568882","211532930","211532930.wem","1","COMPLETE"
"2308372584","129481853","419987509","512180737","512180737.wem","1","COMPLETE"
"2313422874","854432781","173681444","505642874","505642874.wem","1","COMPLETE"
"2315098178","550677700","1038513762","877143853","877143853.wem","1","COMPLETE"
"2315919225","810022185","285906802","712654566","712654566.wem","2","COMPLETE"
"2317206743","357486717","863797716","458898376","458898376.wem","1","COMPLETE"
"2318763161","152150457","910095007","623442379","623442379.wem","1","COMPLETE"
"2319939863","373001820","1029609207","560660796","560660796.wem","1","COMPLETE"
"2322088210","878173925","860342797","148307580","148307580.wem","1","COMPLETE"
"2332944445","572115189","1036006087","1002909437","1002909437.wem","1","COMPLETE"
"2334373951","284467941","969396184","117726891","117726891.wem","1","COMPLETE"
"2342766750","295772386","568474308","317399096","317399096.wem","1","COMPLETE"
"2344137550","244565837","659883931","475146708","475146708.wem","1","COMPLETE"
"2345778810","458180099","612492065","822386335","822386335.wem","2","COMPLETE"
"2346547009","408920005","930575479","864627047","864627047.wem","1","COMPLETE"
"2348459300","779699267","38117020","503484683","503484683.wem","1","COMPLETE"
"2350668639","662486511","199791706","299312186","299312186.wem","1","COMPLETE"
"2351029671","459155939","589155701","702374114","702374114.wem","1","COMPLETE"
"2353495165","1012768493","554229384","887694664","887694664.wem","1","COMPLETE"
"2357038600","592851939","869813336","197738680","197738680.wem","1","COMPLETE"
"2357947842","247972298","884086011","522342351","522342351.wem","1","COMPLETE"
"2358215687","800907594","691391696","6343934","6343934.wem","1","COMPLETE"
"2359788130","706680686","345183286","142501603","142501603.wem","2","COMPLETE"
"2363824725","479089115","572541343","632520951","632520951.wem","2","COMPLETE"
"2365126115","160886553","109526083","303752298","303752298.wem","1","COMPLETE"
"2367855121","666181230","252867102","1065946615","1065946615.wem","1","COMPLETE"
"2372161051","912930695","328787228","808784971","808784971.wem","1","COMPLETE"
"2373816315","940217300","234542029","561621684","561621684.wem","1","COMPLETE"
"2381447540","433396676","258452105","764618888","764618888.wem","1","COMPLETE"
"2385992378","180095592","839344046","11743198","11743198.wem","1","COMPLETE"
"2389480092","671447650","640411401","106607126","106607126.wem","1","COMPLETE"
"2390593902","339024071","313378650","540348542","540348542.wem","1","COMPLETE"
"2398077248","493520726","483890624","578507687","578507687.wem","1","COMPLETE"
"2402963614","66791487","249236073","30052689","30052689.wem","1","COMPLETE"
"2403334882","280088796","796301526","143438724","143438724.wem","1","COMPLETE"
"2405790296","1061826990","326498802","1058158586","1058158586.wem","1","COMPLETE"
"2407260110","765529188","656873678","734903317","734903317.wem","1","COMPLETE"
"2407371457","183150142","891988437","163370250","163370250.wem","1","COMPLETE"
"2420488482","1047742774","333446864","1019777163","1019777163.wem","1","COMPLETE"
"2422494377","66453600","188247809","196991802","196991802.wem","1","COMPLETE"
"2424149172","37320165","969603388","508418172","508418172.wem","1","COMPLETE"
"2425029175","879789512","459152143","864723965","864723965.wem","1","COMPLETE"
"2425927065","298434615","968071933","667534222","667534222.wem","1","COMPLETE"
"2438119800","1015906646","854189880","376272801","376272801.wem","1","COMPLETE"
"2440926759","635050659","382078430","352352022","352352022.wem","1","COMPLETE"
"2445559219","779377083","105363513","788630374","788630374.wem","1","COMPLETE"
"2454000597","289426750","511937155","793708866","793708866.wem","1","COMPLETE"
"2457704346","574401583","792154728","486413675","486413675.wem","1","COMPLETE"
"2465047953","544599743","380690990","127735755","127735755.wem","1","COMPLETE"
"2472637814","212314177","1040766705","423576560","423576560.wem","1","COMPLETE"
"2473794624","490975876","119773558","688622186","688622186.wem","1","COMPLETE"
"2474481933","637311462","1056169457","805585905","805585905.wem","1","COMPLETE"
"2476246378","280642798","648285456","174921470","174921470.wem","1","COMPLETE"
"2477547673","80120170","899810283","219180708","219180708.wem","1","COMPLETE"
"2484133173","539367414","72321886","102436360","102436360.wem","1","COMPLETE"
"2489945728","234893302","832648642","528120439","528120439.wem","1","COMPLETE"
"2490695792","382095047","812542932","218774231","218774231.wem","1","COMPLETE"
"2499600490","780665079","91419247","608002897","608002897.wem","1","COMPLETE"
"2501910180","145636329","203607454","698957989","698957989.wem","1","COMPLETE"
"2517422018","758071889","47293031","937859725","937859725.wem","1","COMPLETE"
"2518913913","368057932","829265289","860778881","860778881.wem","1","COMPLETE"
"2519060418","910703238","876698212","6407439","6407439.wem","1","COMPLETE"
"2522611136","715571477","335574237","359395123","359395123.wem","1","COMPLETE"
"2525315717","597649411","252320662","415162792","415162792.wem","2","COMPLETE"
"2525512531","642971320","366670215","742914976","742914976.wem","1","COMPLETE"
"2534291421","587587175","186431793","1039444031","1039444031.wem","1","COMPLETE"
"2538218920","512806896","577175757","287830862","287830862.wem","1","COMPLETE"
"2541491532","310537009","202923190","809202668","809202668.wem","1","COMPLETE"
"2545964037","249723566","662727444","130214626","130214626.wem","1","COMPLETE"
"2554253173","623088887","438729264","743470628","743470628.wem","1","COMPLETE"
"2555930391","225731760","1006466372","626322069","626322069.wem","2","COMPLETE"
"2565760583","570273374","227351358","86148928","86148928.wem","1","COMPLETE"
"2570146160","743827893","102529807","660666201","660666201.wem","1","COMPLETE"
"2578213330","74137745","872518086","876561326","876561326.wem","1","COMPLETE"
"2580604493","289027545","481013096","169992522","169992522.wem","1","COMPLETE"
"2584526111","47485129","949224210","964945468","964945468.wem","1","COMPLETE"
"2596443901","962335104","305520658","669126361","669126361.wem","1","COMPLETE"
"2600442144","799096121","126814530","323532677","323532677.wem","2","COMPLETE"
"2603129809","272141459","524458779","799928963","799928963.wem","1","COMPLETE"
"2603168646","81192648","1010532790","27253652","27253652.wem","1","COMPLETE"
"2604247032","814291001","689180251","110723765","110723765.wem","2","COMPLETE"
"2611447410","177203986","368729190","816045425","816045425.wem","1","COMPLETE"
"2612629683","661207466","425828521","42374114","42374114.wem","1","COMPLETE"
"2614898379","838684050","435229911","290922556","290922556.wem","1","COMPLETE"
"2617860108","642223327","717555436","439504169","439504169.wem","1","COMPLETE"
"2618876834","380036408","713689065","872314379","872314379.wem","1","COMPLETE"
"2620796913","864881930","543057014","103162336","103162336.wem","1","COMPLETE"
"2627370257","824668894","344839582","223275476","223275476.wem","1","COMPLETE"
"2627370258","64157754","765662550","253463471","253463471.wem","1","COMPLETE"
"2636156710","544445428","638224067","564551233","564551233.wem","1","COMPLETE"
"2640616180","687677002","486790754","631551399","631551399.wem","1","COMPLETE"
"2642473142","759900453","243971661","676072795","676072795.wem","1","COMPLETE"
"2644114177","904808310","343124650","49679125","49679125.wem","1","COMPLETE"
"2649265093","167917597","871319121","929989629","929989629.wem","1","COMPLETE"
"2652657254","256541576","131367935","34453711","34453711.wem","1","COMPLETE"
"2658140653","312663576","952119059","192113431","192113431.wem","1","COMPLETE"
"2661400488","660685501","629940060","470716356","470716356.wem","1","COMPLETE"
"2661574759","955378424","531718375","854370586","854370586.wem","1","COMPLETE"
"2662259499","479884815","124356807","1051914724","1051914724.wem","1","COMPLETE"
"2664002317","351187368","1044185358","213762010","213762010.wem","1","COMPLETE"
"2664776366","1063831631","28335878","529627824","529627824.wem","1","COMPLETE"
"2667738906","654231053","470353110","385288379","385288379.wem","2","COMPLETE"
"2684472406","982703692","63874210","483044510","483044510.wem","1","COMPLETE"
"2686703802","866994893","548337589","145243625","145243625.wem","1","COMPLETE"
"2697836364","447582716","606536846","117431200","117431200.wem","2","COMPLETE"
"2698788672","324837614","926509475","990263916","990263916.wem","1","COMPLETE"
"2713926369","238036359","674397616","136642407","136642407.wem","1","COMPLETE"
"2719716361","207870470","957598446","234132063","234132063.wem","1","COMPLETE"
"2727922260","437329850","889592965","1052655305","1052655305.wem","1","COMPLETE"
"2732307994","725637980","251052523","226617786","226617786.wem","1","COMPLETE"
"2732940784","555081241","786517469","287207942","287207942.wem","1","COMPLETE"
"2738261844","547505101","412158337","653141414","653141414.wem","1","COMPLETE"
"2739992076","1004918001","999342135","864907048","864907048.wem","1","COMPLETE"
"2740913428","12442089","282039142","718567021","718567021.wem","1","COMPLETE"
"2749166468","447509143","487883303","452594030","452594030.wem","1","COMPLETE"
"2750707470","626013087","763115100","324163942","324163942.wem","1","COMPLETE"
"2755039431","545438299","850522474","67891682","67891682.wem","1","COMPLETE"
"2758402857","214515218","465974968","680130212","680130212.wem","0","COMPLETE"
"2764976541","1060556026","980836785","867596762","867596762.wem","1","COMPLETE"
"2769386522","159797434","363139508","315025654","315025654.wem","1","COMPLETE"
"2771812905","471837658","486651074","919355035","919355035.wem","1","COMPLETE"
"2777867240","407228115","310623641","791924021","791924021.wem","1","COMPLETE"
"2777911739","1050996736","55960903","150380784","150380784.wem","1","COMPLETE"
"2778855768","718144342","706356691","86065016","86065016.wem","1","COMPLETE"
"2788594733","145436850","912008692","994924645","994924645.wem","1","COMPLETE"
"2790755596","954028334","776675658","161300527","161300527.wem","1","COMPLETE"
"2792667481","409212010","680405612","994952825","994952825.wem","1","COMPLETE"
"2811078669","575442097","100816364","952069668","952069668.wem","1","COMPLETE"
"2820893646","339918404","856251009","561127797","561127797.wem","1","COMPLETE"
"2832647578","670621262","1044794715","895500184","895500184.wem","1","COMPLETE"
"2835669845","444117764","933649772","168165222","168165222.wem","1","COMPLETE"
"2837614623","172622681","233234196","1001406991","1001406991.wem","1","COMPLETE"
"2839621892","831971855","228178172","270299190","270299190.wem","1","COMPLETE"
"2846891204","367850307","186317238","624055360","624055360.wem","1","COMPLETE"
"2847151629","479179942","906225843","345019061","345019061.wem","1","COMPLETE"
"2854087502","3867541","508888825","367107921","367107921.wem","1","COMPLETE"
"2859690167","179482489","103576971","262650098","262650098.wem","1","COMPLETE"
"2859732940","343632455","909925224","536079640","536079640.wem","1","COMPLETE"
"2869907640","756613668","877746291","578164637","578164637.wem","1","COMPLETE"
"2875567305","556933342","658714248","21773969","21773969.wem","1","COMPLETE"
"2876192162","333340310","684649077","969023310","969023310.wem","2","COMPLETE"
"2878382540","1050514178","845078982","887480316","887480316.wem","1","COMPLETE"
"2879537941","60003323","446225257","841131934","841131934.wem","1","COMPLETE"
"2880264342","226295830","329959198","184647666","184647666.wem","1","COMPLETE"
"2888225390","351661579","861450985","1028485157","1028485157.wem","1","COMPLETE"
"2888225975","1061622172","990384137","242465059","242465059.wem","1","COMPLETE"
"2890782109","110818890","821837423","948823182","948823182.wem","1","COMPLETE"
"2893405392","845945371","910998466","406532239","406532239.wem","1","COMPLETE"
"2900094000","118212027","924258737","434389044","434389044.wem","2","COMPLETE"
"2902861785","693207772","898427731","371295396","371295396.wem","1","COMPLETE"
"2905455963","706393658","738574398","620639237","620639237.wem","1","COMPLETE"
"2909398110","1015695160","834911872","929772598","929772598.wem","1","COMPLETE"
"2909911435","206471921","457857934","785886237","785886237.wem","1","COMPLETE"
"2910483243","299534996","7985231","46999090","46999090.wem","1","COMPLETE"
"2910534179","322780079","656534323","536154943","536154943.wem","2","COMPLETE"
"2910603287","272480116","821575141","686640077","686640077.wem","1","COMPLETE"
"2917685879","877125197","553575192","182815024","182815024.wem","1","COMPLETE"
"2921080753","512676108","1007558933","383557193","383557193.wem","1","COMPLETE"
"2925666398","769045348","913829879","688599799","688599799.wem","1","COMPLETE"
"2936382455","1049261664","288908823","677559673","677559673.wem","1","COMPLETE"
"2938918989","455910179","624386789","781584840","781584840.wem","2","COMPLETE"
"2940386373","102449394","45306426","662180586","662180586.wem","1","COMPLETE"
"2941141265","35149190","585458173","608686206","608686206.wem","1","COMPLETE"
"2945085863","796624193","410822757","878170847","878170847.wem","1","COMPLETE"
"2949996389","704635580","400841042","765967550","765967550.wem","1","COMPLETE"
"2953782666","824648558","345970100","730596321","730596321.wem","1","COMPLETE"
"2954378006","72523283","173613983","404788835","404788835.wem","1","COMPLETE"
"2955162213","997398706","1039244062","396856693","396856693.wem","1","COMPLETE"
"2968484849","816852628","121090276","516151388","516151388.wem","1","COMPLETE"
"2970426852","658379738","927939045","403731769","403731769.wem","1","COMPLETE"
"2978206509","252861238","116161362","351957581","351957581.wem","1","COMPLETE"
"2978642124","30662481","705785050","724109307","724109307.wem","1","COMPLETE"
"2981546119","954524131","606764739","182563901","182563901.wem","1","COMPLETE"
"2983809071","704795522","786547529","202264735","202264735.wem","2","COMPLETE"
"2991160767","179125938","4765697","314504782","314504782.wem","1","COMPLETE"
"2994106687","677413543","991633241","227830401","227830401.wem","1","COMPLETE"
"2999985347","664166620","906044685","287735083","287735083.wem","1","COMPLETE"
"3002424588","125837682","328793783","7390073","7390073.wem","1","COMPLETE"
"3004213860","1053228116","36662291","376568401","376568401.wem","1","COMPLETE"
"3016619489","878720335","448285965","507868355","507868355.wem","1","COMPLETE"
"3019033575","878200631","644019011","65544374","65544374.wem","1","COMPLETE"
"3019476070","902071565","166004695","895007152","895007152.wem","1","COMPLETE"
"3020580112","249493294","398940593","635449659","635449659.wem","1","COMPLETE"
"3020786623","617526787","388939738","886608002","886608002.wem","1","COMPLETE"
"3022257892","986239896","220297861","441080534","441080534.wem","2","COMPLETE"
"3024387871","7289928","850004010","892968061","892968061.wem","1","COMPLETE"
"3030332188","639353813","940453610","536489072","536489072.wem","1","COMPLETE"
"3033998857","157565222","732424380","619345926","619345926.wem","1","COMPLETE"
"3041205926","635149215","991705527","463698316","463698316.wem","1","COMPLETE"
"3041643348","708210324","949241249","914212892","914212892.wem","1","COMPLETE"
"3053274528","397028150","981927778","183169828","183169828.wem","1","COMPLETE"
"3054309078","824638910","863730520","1011898081","1011898081.wem","1","COMPLETE"
"3054968582","319550894","29932884","327225481","327225481.wem","1","COMPLETE"
"3056621189","920046291","1017016097","291902255","291902255.wem","1","COMPLETE"
"3059834227","233322638","919823191","107594310","107594310.wem","1","COMPLETE"
"3063645708","1041902263","227785352","520292044","520292044.wem","1","COMPLETE"
"3064175506","46751181","90621619","739612169","739612169.wem","1","COMPLETE"
"3073592732","457999176","616613882","866356484","866356484.wem","1","COMPLETE"
"3078223667","893787449","960300668","85694433","85694433.wem","1","COMPLETE"
"3079820893","404774770","804684178","157528075","157528075.wem","1","COMPLETE"
"3082062299","1027399461","278513699","147747681","147747681.wem","1","COMPLETE"
"3087475729","973577341","500794153","916594557","916594557.wem","1","COMPLETE"
"3094265415","527009957","677491422","983217710","983217710.wem","1","COMPLETE"
"3098908705","133087753","56891956","3425580","3425580.wem","2","COMPLETE"
"3100553236","978917118","802781260","276506526","276506526.wem","2","COMPLETE"
"3101685905","653965402","777605706","86754495","86754495.wem","1","COMPLETE"
"3105144685","552411348","322554093","116769263","116769263.wem","1","COMPLETE"
"3107979236","89731502","296248025","547039271","547039271.wem","2","COMPLETE"
"3109943155","315466570","611347293","63485174","63485174.wem","1","COMPLETE"
"3110187324","911549028","17303412","296620762","296620762.wem","1","COMPLETE"
"3111750117","1030007405","753255660","201252940","201252940.wem","1","COMPLETE"
"3114659685","944823873","866051121","428355477","428355477.wem","1","COMPLETE"
"3124196736","78103598","37581679","354668928","354668928.wem","1","COMPLETE"
"3125062282","328893647","376404055","14026281","14026281.wem","1","COMPLETE"
"3125219180","640248237","892003083","431481085","431481085.wem","2","COMPLETE"
"3132340375","433283396","321425575","305371706","305371706.wem","2","COMPLETE"
"3132505799","793688024","348838841","1016515822","1016515822.wem","1","COMPLETE"
"3133460898","55560641","542588538","629168157","629168157.wem","1","COMPLETE"
"3140974451","853664769","948694398","988715288","988715288.wem","1","COMPLETE"
"3142304963","783691453","582915972","911282662","911282662.wem","1","COMPLETE"
"3145078346","505655258","831057410","708939688","708939688.wem","1","COMPLETE"
"3157752038","683406032","224444927","1037817702","1037817702.wem","1","COMPLETE"
"3158277099","987672707","687869472","885929473","885929473.wem","1","COMPLETE"
"3158607891","923164948","88238200","656128884","656128884.wem","1","COMPLETE"
"3158746592","407292068","207984255","884690055","884690055.wem","1","COMPLETE"
"3160093545","538676215","799240744","120129487","120129487.wem","1","COMPLETE"
"3169421733","857827138","580027746","644391300","644391300.wem","1","COMPLETE"
"3174529625","489984894","223366276","920301962","920301962.wem","1","COMPLETE"
"3177931370","997513563","899139808","775795699","775795699.wem","1","COMPLETE"
"3178225616","909906155","963425142","295402180","295402180.wem","1","COMPLETE"
"3178332247","485498324","602191726","222265191","222265191.wem","1","COMPLETE"
"3184847143","117139925","47687508","766877046","766877046.wem","1","COMPLETE"
"3189533682","59351733","1038669707","141791397","141791397.wem","1","COMPLETE"
"3191307212","791774604","704516752","755475297","755475297.wem","1","COMPLETE"
"3192371027","542368969","783624524","1048949208","1048949208.wem","1","COMPLETE"
"3193117353","842035104","988653907","1056241236","1056241236.wem","1","COMPLETE"
"3196710711","648829821","163495378","702029865","702029865.wem","1","COMPLETE"
"3197501496","163778031","665836850","324025043","324025043.wem","2","COMPLETE"
"3198991555","758593958","174490978","25982441","25982441.wem","1","COMPLETE"
"3207686143","858618092","588579003","330995421","330995421.wem","1","COMPLETE"
"3208084927","847235229","853821731","781907701","781907701.wem","1","COMPLETE"
"3209565980","73954323","700269304","1040216574","1040216574.wem","1","COMPLETE"
"3220413139","780470501","540085035","197543547","197543547.wem","1","COMPLETE"
"3223271117","544764882","162154101","237528681","237528681.wem","2","COMPLETE"
"3224862482","222037952","221598300","38727352","38727352.wem","1","COMPLETE"
"3229787096","175975353","467599100","529421949","529421949.wem","1","COMPLETE"
"3232962523","58167495","771212542","916026085","916026085.wem","1","COMPLETE"
"3238798809","1073460608","275966564","72599138","72599138.wem","1","COMPLETE"
"3241396690","413741820","308534648","784706505","784706505.wem","1","COMPLETE"
"3241640069","320124046","32791407","597854950","597854950.wem","1","COMPLETE"
"3242189316","387354500","998452030","917585991","917585991.wem","1","COMPLETE"
"3242356929","94611735","786932822","167560200","167560200.wem","1","COMPLETE"
"3242901752","713358744","483904343","374069543","374069543.wem","1","COMPLETE"
"3249961414","317431926","846913607","147824665","147824665.wem","1","COMPLETE"
"3250133774","608600397","60461893","920068327","920068327.wem","1","COMPLETE"
"3251826310","71276057","134298352","500049807","500049807.wem","1","COMPLETE"
"3253154306","723757622","655446178","583398930","583398930.wem","1","COMPLETE"
"3255030090","892965232","585637965","87544570","87544570.wem","1","COMPLETE"
"3255456168","291927307","447670004","582033018","582033018.wem","1","COMPLETE"
"3258244090","547776979","796702502","293295906","293295906.wem","1","COMPLETE"
"3264861813","455383523","203302226","239395106","239395106.wem","1","COMPLETE"
"3267913919","64937679","209026346","187578096","187578096.wem","1","COMPLETE"
"3278687242","581908100","601743846","936295321","936295321.wem","1","COMPLETE"
"3279244510","138703191","845948462","208695542","208695542.wem","1","COMPLETE"
"3281868771","713536406","290113082","528151165","528151165.wem","1","COMPLETE"
"3284123042","275414368","608409245","640524664","640524664.wem","1","COMPLETE"
"3291525357","836315365","334086011","713057920","713057920.wem","2","COMPLETE"
"3293282188","225953132","765137024","1004298845","1004298845.wem","2","COMPLETE"
"3297347650","306387756","1018012663","393960277","393960277.wem","1","COMPLETE"
"3298400320","970444226","56498920","302855129","302855129.wem","1","COMPLETE"
"3304925284","695950868","605209388","751285065","751285065.wem","1","COMPLETE"
"3311955968","680752309","658297895","191772834","191772834.wem","1","COMPLETE"
"3314509209","872083590","414892240","898001860","898001860.wem","2","COMPLETE"
"3318182744","870297515","810742718","87634762","87634762.wem","1","COMPLETE"
"3322048120","848087512","599410777","548195936","548195936.wem","1","COMPLETE"
"3325265034","293778651","811602040","496330691","496330691.wem","1","COMPLETE"
"3325452044","563618692","69177987","146493191","146493191.wem","1","COMPLETE"
"3344009922","280982821","12453192","873145965","873145965.wem","1","COMPLETE"
"3346078392","1048721319","898136896","264318605","264318605.wem","1","COMPLETE"
"3358083757","986122839","351760058","770080605","770080605.wem","1","COMPLETE"
"3359083402","323409150","896352145","55510424","55510424.wem","1","COMPLETE"
"3359936350","173298372","783563524","866425644","866425644.wem","1","COMPLETE"
"3361011483","10653340","997840992","165923554","165923554.wem","1","COMPLETE"
"3364301767","156351880","320619238","449603267","449603267.wem","2","COMPLETE"
"3369576424","873309786","47130983","15140111","15140111.wem","1","COMPLETE"
"3372015199","904260975","958361494","939038798","939038798.wem","1","COMPLETE"
"3373282543","770029961","516266276","723186224","723186224.wem","2","COMPLETE"
"3375861117","505814526","1071549018","192763684","192763684.wem","1","COMPLETE"
"3377565224","839545645","971357107","1054119434","1054119434.wem","1","COMPLETE"
"3385568830","823897829","134396432","766329512","766329512.wem","1","COMPLETE"
"3385772171","797990698","1058836719","797426814","797426814.wem","1","COMPLETE"
"3389668694","843148699","775472182","493162889","493162889.wem","1","COMPLETE"
"3392410201","175951935","478932114","471866784","471866784.wem","1","COMPLETE"
"3393122011","876453350","870012059","105106109","105106109.wem","2","COMPLETE"
"3393491620","761202034","219574840","467069342","467069342.wem","1","COMPLETE"
"3394342811","662060","1048289151","441093314","441093314.wem","1","COMPLETE"
"3394785282","359251216","17658365","900975517","900975517.wem","1","COMPLETE"
"3397463485","304223564","1021974394","979626938","979626938.wem","1","COMPLETE"
"3404660568","57170369","671588910","848134069","848134069.wem","1","COMPLETE"
"3410269207","1030028545","520728322","28899013","28899013.wem","1","COMPLETE"
"3410464112","325106043","504326628","780869917","780869917.wem","1","COMPLETE"
"3411120398","871247096","479443232","938294348","938294348.wem","1","COMPLETE"
"3411582111","561735104","290357438","553050431","553050431.wem","1","COMPLETE"
"3412165023","60078409","471245591","182704058","182704058.wem","1","COMPLETE"
"3416827058","615308723","275604950","755540062","755540062.wem","1","COMPLETE"
"3424746738","449994384","917725707","1063061087","1063061087.wem","1","COMPLETE"
"3427046794","530989381","323299304","4880661","4880661.wem","1","COMPLETE"
"3427898081","917836929","646389710","1046566922","1046566922.wem","1","COMPLETE"
"3428292521","74374552","161295155","980150240","980150240.wem","1","COMPLETE"
"3429285047","820908121","427730419","38372339","38372339.wem","2","COMPLETE"
"3436101585","682831040","359396336","652307045","652307045.wem","1","COMPLETE"
"3443824509","516402753","475186527","89315413","89315413.wem","1","COMPLETE"
"3444675668","697060392","762419982","995532982","995532982.wem","1","COMPLETE"
"3447099962","617480380","970840363","31296218","31296218.wem","1","COMPLETE"
"3447942977","949973051","288066945","1011669071","1011669071.wem","1","COMPLETE"
"3448015431","784422778","971108235","462415706","462415706.wem","1","COMPLETE"
"3451013194","99510254","52315637","763581127","763581127.wem","1","COMPLETE"
"3452444601","286399025","339899159","886897021","886897021.wem","1","COMPLETE"
"3454751185","563809294","299824260","763059289","763059289.wem","1","COMPLETE"
"3456415926","232240280","108396381","383786923","383786923.wem","1","COMPLETE"
"3456426596","809036313","621934074","804342991","804342991.wem","1","COMPLETE"
"3461453255","34794032","611472339","415978962","415978962.wem","1","COMPLETE"
"3471142878","192767124","947622528","401770030","401770030.wem","1","COMPLETE"
"3472040852","196711582","997226037","27039803","27039803.wem","1","COMPLETE"
"3472596609","598556963","937322468","904508579","904508579.wem","1","COMPLETE"
"3473193513","28085961","458512398","880656504","880656504.wem","1","COMPLETE"
"3474264746","636039829","706861923","104766979","104766979.wem","1","COMPLETE"
"3476673361","883554388","25112106","405488693","405488693.wem","1","COMPLETE"
"3478230970","636402901","116588105","731766908","731766908.wem","1","COMPLETE"
"3478448924","526545197","428696480","842744467","842744467.wem","1","COMPLETE"
"3482353277","729633226","410663328","681273938","681273938.wem","1","COMPLETE"
"3482841388","984677752","400468789","216677552","216677552.wem","1","COMPLETE"
"3489971100","861365488","234654256","529146015","529146015.wem","1","COMPLETE"
"3492277858","763302358","482154530","802166597","802166597.wem","2","COMPLETE"
"3495008557","843074105","433476590","400720740","400720740.wem","1","COMPLETE"
"3506695771","506804299","536241889","429842192","429842192.wem","1","COMPLETE"
"3506748687","825136468","542135117","857517261","857517261.wem","1","COMPLETE"
"3513521233","1037899952","55143284","264889363","264889363.wem","1","COMPLETE"
"3515495150","821128532","614086089","1046561200","1046561200.wem","1","COMPLETE"
"3517136529","23907833","43161025","1071813657","1071813657.wem","1","COMPLETE"
"3523526370","411611558","916679059","315933206","315933206.wem","1","COMPLETE"
"3528293971","100767144","249691142","117772031","117772031.wem","1","COMPLETE"
"3529572942","596069772","616264213","253212335","253212335.wem","2","COMPLETE"
"3529995645","308976180","363460359","789342652","789342652.wem","1","COMPLETE"
"3536453190","299601734","1008324200","946187242","946187242.wem","1","COMPLETE"
"3540303957","141002095","434980305","834123639","834123639.wem","1","COMPLETE"
"3543190865","33263017","229232438","900193839","900193839.wem","1","COMPLETE"
"3543770398","1009862860","334158153","897844617","897844617.wem","1","COMPLETE"
"3545369453","621163132","769807682","636894117","636894117.wem","1","COMPLETE"
"3550161132","277899670","740693975","449583122","449583122.wem","1","COMPLETE"
"3551984309","78192260","855550521","840654523","840654523.wem","1","COMPLETE"
"3559160032","968611272","697892629","771764595","771764595.wem","1","COMPLETE"
"3562805937","209361308","401021872","83349338","83349338.wem","1","COMPLETE"
"3569155239","961165312","233041791","366957376","366957376.wem","1","COMPLETE"
"3569963574","1001120948","430729684","111168223","111168223.wem","1","COMPLETE"
"3574820932","441572062","359274625","120369165","120369165.wem","1","COMPLETE"
"3575253992","719296781","426516721","252188113","252188113.wem","1","COMPLETE"
"3581257700","783783444","505152437","921173421","921173421.wem","1","COMPLETE"
"3586116088","828004921","892165785","415979427","415979427.wem","1","COMPLETE"
"3590473986","821695112","678407609","465528367","465528367.wem","1","COMPLETE"
"3595682514","69768974","759177831","884549210","884549210.wem","1","COMPLETE"
"3606265539","351589402","676998605","750068795","750068795.wem","1","COMPLETE"
"3607937231","32961106","457127826","680844896","680844896.wem","1","COMPLETE"
"3608137028","574004546","852207460","958401130","958401130.wem","1","COMPLETE"
"3615379023","350226134","32540565","566110703","566110703.wem","1","COMPLETE"
"3628366633","550507698","92514553","148095223","148095223.wem","1","COMPLETE"
"3632571986","814576078","297975133","606911486","606911486.wem","1","COMPLETE"
"3642407344","436955453","769066881","577440984","577440984.wem","1","COMPLETE"
"3653153386","1002636204","383659468","545435231","545435231.wem","1","COMPLETE"
"3658228876","1000099591","552113282","506104412","506104412.wem","1","COMPLETE"
"3663766269","473154646","772868642","466008262","466008262.wem","1","COMPLETE"
"3668016913","528110645","361289234","490282974","490282974.wem","1","COMPLETE"
"3674106912","874241281","111133726","883984475","883984475.wem","1","COMPLETE"
"3675640674","316817249","1021213910","776471683","776471683.wem","1","COMPLETE"
"3685996630","254178215","933665394","446263000","446263000.wem","1","COMPLETE"
"3688101281","285689078","1006185381","136987909","136987909.wem","2","COMPLETE"
"3688952314","919247701","308627977","248157971","248157971.wem","1","COMPLETE"
"3692828438","225415406","641124123","736682789","736682789.wem","1","COMPLETE"
"3700075934","727846445","356083530","170699724","170699724.wem","1","COMPLETE"
"3706754220","286979558","1032607273","195537923","195537923.wem","1","COMPLETE"
"3713637175","702267632","404670054","833742253","833742253.wem","2","COMPLETE"
"3716023168","134491677","284285436","620304233","620304233.wem","1","COMPLETE"
"3722097342","1058195344","488326372","475355609","475355609.wem","1","COMPLETE"
"3723090864","198739567","597396105","134051271","134051271.wem","1","COMPLETE"
"3724663601","61281214","147162150","187117794","187117794.wem","1","COMPLETE"
"3728268265","828963377","856388464","291791478","291791478.wem","1","COMPLETE"
"3730594256","887528416","95758901","647942636","647942636.wem","2","COMPLETE"
"3731075189","1056469811","122595610","948839576","948839576.wem","1","COMPLETE"
"3731149831","802259581","660949017","919924785","919924785.wem","1","COMPLETE"
"3734191343","716363581","751633344","607237120","607237120.wem","1","COMPLETE"
"3743646576","80190433","204338224","621923253","621923253.wem","1","COMPLETE"
"3746903343","852505034","715412627","882396025","882396025.wem","1","COMPLETE"
"3753047800","662890105","690767395","735720766","735720766.wem","1","COMPLETE"
"3755601420","488345522","210575676","565565952","565565952.wem","1","COMPLETE"
"3757160600","98505176","721041892","724830889","724830889.wem","1","COMPLETE"
"3759483214","111729126","633391133","151932880","151932880.wem","1","COMPLETE"
"3765030571","368131148","469991711","39862244","39862244.wem","1","COMPLETE"
"3765261802","71364058","321032045","927048682","927048682.wem","1","COMPLETE"
"3776281097","411823826","571505455","250104555","250104555.wem","2","COMPLETE"
"3777410797","85098204","877020574","1018719994","1018719994.wem","1","COMPLETE"
"3781051472","423337684","657569881","722311450","722311450.wem","1","COMPLETE"
"3794496906","363802737","1011106676","566090492","566090492.wem","1","COMPLETE"
"3795760219","751039707","19140578","417027039","417027039.wem","1","COMPLETE"
"3797829059","98869873","852959444","483424404","483424404.wem","1","COMPLETE"
"3805600254","608147778","380563849","585322642","585322642.wem","2","COMPLETE"
"3807544649","838639429","683865752","643106928","643106928.wem","1","COMPLETE"
"3807777601","242859032","299714851","649348424","649348424.wem","1","COMPLETE"
"3813146506","505124384","1031940873","2259156","2259156.wem","1","COMPLETE"
"3814606774","65863683","763878045","412020070","412020070.wem","1","COMPLETE"
"3829729102","113500154","325472263","779318320","779318320.wem","1","COMPLETE"
"3831384361","458565309","525553767","518039797","518039797.wem","1","COMPLETE"
"3837779660","513841877","106524914","780242106","780242106.wem","1","COMPLETE"
"3841807736","37837930","381803477","9381084","9381084.wem","1","COMPLETE"
"3847058768","890950815","849567082","530181021","530181021.wem","1","COMPLETE"
"3848373260","552108100","504178454","344949174","344949174.wem","1","COMPLETE"
"3850325852","663376194","963372051","598109044","598109044.wem","1","COMPLETE"
"3850588505","70497771","613357147","882258407","882258407.wem","1","COMPLETE"
"3852300566","837731007","918204479","858031971","858031971.wem","1","COMPLETE"
"3853064718","29415032","101334184","481209477","481209477.wem","1","COMPLETE"
"3854257487","185614825","898105080","221217876","221217876.wem","1","COMPLETE"
"3858585323","427967198","378904448","818539637","818539637.wem","1","COMPLETE"
"3861856991","741328294","400992865","785139564","785139564.wem","1","COMPLETE"
"3863361683","655300175","693240372","509150225","509150225.wem","1","COMPLETE"
"3863722012","58308338","802318516","126944838","126944838.wem","1","COMPLETE"
"3864939535","808004267","466551888","888043717","888043717.wem","1","COMPLETE"
"3868670544","691663341","669634303","1015064643","1015064643.wem","1","COMPLETE"
"3871522117","451233556","684624635","458958901","458958901.wem","2","COMPLETE"
"3875362910","810660074","274034040","432000320","432000320.wem","1","COMPLETE"
"3875676964","597159216","102762371","323978565","323978565.wem","1","COMPLETE"
"3876381483","428827628","206341526","270191836","270191836.wem","1","COMPLETE"
"3878583011","476955225","674005654","223793026","223793026.wem","1","COMPLETE"
"3881717218","629272901","37112038","531535501","531535501.wem","1","COMPLETE"
"3883163434","945081688","698875425","843549300","843549300.wem","1","COMPLETE"
"3884741516","492810358","324062842","310717457","310717457.wem","1","COMPLETE"
"3886353419","767713177","826360276","1019241950","1019241950.wem","1","COMPLETE"
"3889328532","418038040","273972783","947703177","947703177.wem","1","COMPLETE"
"3890666327","27913819","689469197","260783562","260783562.wem","1","COMPLETE"
"3892140593","1019410537","148698207","82613959","82613959.wem","1","COMPLETE"
"3898494805","929737721","228242865","691097811","691097811.wem","1","COMPLETE"
"3899459450","84224305","933122973","268025381","268025381.wem","1","COMPLETE"
"3899815136","173804479","531281062","36771323","36771323.wem","1","COMPLETE"
"3908477461","357499262","920662145","46657280","46657280.wem","1","COMPLETE"
"3908918180","189592820","511851592","766154379","766154379.wem","1","COMPLETE"
"3913212314","117099946","65986410","908775499","908775499.wem","1","COMPLETE"
"3915152166","322562867","358834867","546071994","546071994.wem","1","COMPLETE"
"3916310647","919809908","16605200","206607860","206607860.wem","1","COMPLETE"
"3918231942","616200977","127612013","586977885","586977885.wem","1","COMPLETE"
"3925695767","372748910","404290145","1031659901","1031659901.wem","1","COMPLETE"
"3927113135","810432618","587179493","609279557","609279557.wem","1","COMPLETE"
"3929961970","308025054","213205006","27985417","27985417.wem","1","COMPLETE"
"3931238987","67786355","1022236815","240912965","240912965.wem","2","COMPLETE"
"3936178944","691107479","1024620183","181960664","181960664.wem","1","COMPLETE"
"3942473354","935375167","324817258","360887369","360887369.wem","1","COMPLETE"
"3952962426","1028709076","455996795","812339299","812339299.wem","1","COMPLETE"
"3953852459","880045577","19154704","265251714","265251714.wem","1","COMPLETE"
"3956623046","142288905","937387014","212177027","212177027.wem","1","COMPLETE"
"3959251069","127439557","716468314","672970291","672970291.wem","1","COMPLETE"
"3960852780","860477649","630975810","150800374","150800374.wem","1","COMPLETE"
"3962173152","141993388","219769053","282305378","282305378.wem","1","COMPLETE"
"3963117095","540272422","58534220","225139994","225139994.wem","1","COMPLETE"
"3967908326","372195114","690018032","257763145","257763145.wem","1","COMPLETE"
"3970474506","854999758","631835536","568173431","568173431.wem","1","COMPLETE"
"3975796586","511530878","549011666","975698895","975698895.wem","1","COMPLETE"
"3975845619","1012521954","19105489","1013619871","1013619871.wem","1","COMPLETE"
"3979850812","514782099","607180145","452907922","452907922.wem","1","COMPLETE"
"3993663415","156307247","27463364","288149885","288149885.wem","1","COMPLETE"
"3995398616","752129565","466078840","18903818","18903818.wem","1","COMPLETE"
"3996237741","54539135","319863373","511031568","511031568.wem","1","COMPLETE"
"4000692579","950474304","686853706","93325588","93325588.wem","1","COMPLETE"
"4003109492","122349507","747922111","622869614","622869614.wem","1","COMPLETE"
"4015361465","121198529","285184092","482232445","482232445.wem","1","COMPLETE"
"4023402410","698856192","550780876","1017305820","1017305820.wem","1","COMPLETE"
"4031323964","1034835650","548817883","903880128","903880128.wem","1","COMPLETE"
"4034131053","909621462","693061900","914637809","914637809.wem","1","COMPLETE"
"4034619510","924741778","438158632","829944393","829944393.wem","1","COMPLETE"
"4035670479","657586407","854030120","530397980","530397980.wem","1","COMPLETE"
"4036653965","373031419","328041633","871207888","871207888.wem","1","COMPLETE"
"4038765194","417132472","802506159","1052971964","1052971964.wem","1","COMPLETE"
"4039136822","417031377","841810925","50572807","50572807.wem","1","COMPLETE"
"4040727414","940612085","398328077","258432156","258432156.wem","1","COMPLETE"
"4049020764","677153161","746756164","635651413","635651413.wem","1","COMPLETE"
"4049253815","77189668","294086864","307942064","307942064.wem","1","COMPLETE"
"4050367605","461549682","646661523","493670512","493670512.wem","1","COMPLETE"
"4057173924","507712987","749194964","1004474760","1004474760.wem","1","COMPLETE"
"4064669406","439861703","847858363","677551103","677551103.wem","1","COMPLETE"
"4066104864","675710593","467790309","1069707836","1069707836.wem","1","COMPLETE"
"4072904601","695578070","194343234","296028953","296028953.wem","1","COMPLETE"
"4075664581","200313469","226939636","400137489","400137489.wem","1","COMPLETE"
"4079193070","51257507","749071007","575396518","575396518.wem","2","COMPLETE"
"4083146248","8403707","418517734","1030164003","1030164003.wem","1","COMPLETE"
"4085672706","838063337","175202371","567927241","567927241.wem","1","COMPLETE"
"4086403663","907947650","647210547","738409400","738409400.wem","1","COMPLETE"
"4087100871","673890723","596261299","75859786","75859786.wem","1","COMPLETE"
"4088963331","917400977","3911815","1024605331","1024605331.wem","1","COMPLETE"
"4089630560","621527043","931891325","776520249","776520249.wem","1","COMPLETE"
"4090597759","1057776980","702690522","181934843","181934843.wem","1","COMPLETE"
"4091220511","352045557","983828701","184262414","184262414.wem","1","COMPLETE"
"4092550239","298785601","527051793","779278000","779278000.wem","1","COMPLETE"
"4096176545","804329181","437292393","365060074","365060074.wem","1","COMPLETE"
"4098146400","85174057","370695314","394444490","394444490.wem","1","COMPLETE"
"4098696352","366120782","210303117","790152374","790152374.wem","1","COMPLETE"
"4098696355","305234010","181653012","67801274","67801274.wem","1","COMPLETE"
"4099172628","882675558","877269556","204876013","204876013.wem","1","COMPLETE"
"4099717292","232372942","219128123","199511651","199511651.wem","1","COMPLETE"
"4113554739","243781063","379770640","312358803","312358803.wem","1","COMPLETE"
"4113670582","1000241874","383581433","472341349","472341349.wem","1","COMPLETE"
"4118503156","105792638","626792830","474328726","474328726.wem","1","COMPLETE"
"4124481269","770738767","372020472","596877562","596877562.wem","1","COMPLETE"
"4126474980","816621541","631440037","1004466769","1004466769.wem","1","COMPLETE"
"4132081626","805882330","82706509","295484415","295484415.wem","1","COMPLETE"
"4136989120","58758370","858630126","289836723","289836723.wem","2","COMPLETE"
"4147364746","954737384","832803086","424842952","424842952.wem","1","COMPLETE"
"4152934995","288504288","302873959","175489343","175489343.wem","1","COMPLETE"
"4170034684","868473525","250996898","140753050","140753050.wem","1","COMPLETE"
"4171190778","808085775","157811843","451636995","451636995.wem","1","COMPLETE"
"4180734828","428172928","51216869","359297207","359297207.wem","1","COMPLETE"
"4182485301","486493815","542662749","92198627","92198627.wem","1","COMPLETE"
"4184360097","862407173","137005077","903710341","903710341.wem","1","COMPLETE"
"4185062212","259592355","317464616","486401047","486401047.wem","1","COMPLETE"
"4188982040","757895466","535882845","336643644","336643644.wem","1","COMPLETE"
"4195663230","1047410545","950532402","892193187","892193187.wem","1","COMPLETE"
"4197952617","209223848","312791072","715263746","715263746.wem","1","COMPLETE"
"4199303464","581690625","166973140","634150988","634150988.wem","1","COMPLETE"
"4203819135","692325295","30745212","27512562","27512562.wem","1","COMPLETE"
"4204525109","243830103","914595088","681167016","681167016.wem","1","COMPLETE"
"4215094191","676582836","65821097","637936669","637936669.wem","1","COMPLETE"
"4219419473","100341852","1002367186","777986001","777986001.wem","1","COMPLETE"
"4220090520","1032174473","686784668","43709616","43709616.wem","1","COMPLETE"
"4237386718","899436648","549533426","252257032","252257032.wem","1","COMPLETE"
"4241491319","855813577","435806486","742386258","742386258.wem","1","COMPLETE"
"4244135680","36112154","478875062","130398566","130398566.wem","2","COMPLETE"
"4251383320","596480535","898767914","159781536","159781536.wem","1","COMPLETE"
"4254817407","813007085","629324952","264429072","264429072.wem","1","COMPLETE"
"4255974394","232325316","978995997","491564024","491564024.wem","1","COMPLETE"
"4260516122","1048763116","703163007","683963940","683963940.wem","1","COMPLETE"
"4265195766","1023346379","195703788","430911117","430911117.wem","1","COMPLETE"
"4268665587","433083335","517308290","564389244","564389244.wem","1","COMPLETE"
"4277324593","523319882","731541432","246891663","246891663.wem","1","COMPLETE"
"4277573525","607477983","398210724","643050642","643050642.wem","1","COMPLETE"
"4277974997","268038337","723520379","1011213518","1011213518.wem","1","COMPLETE"
"4282983607","490717533","347645342","785330184","785330184.wem","1","COMPLETE"
